date,name,peopleWithdraw
2009-02-01,文學概論,0
2009-02-01,藝術概論,0
2009-02-01,文化概論,0
2009-02-01,生命科學概論,0
2009-02-01,邏輯推理,0
2009-02-01,現代科技概論,0
2009-02-01,社會學概論,0
2009-02-01,現代管理學,0
2009-02-01,經濟學概論,1
2009-02-01,世界文明,0
2009-02-01,台灣史,1
2009-02-01,中國史,0
2009-02-01,憲法與人權,0
2009-02-01,法學概論,0
2009-02-01,智慧財產權,0
2009-02-01,哲學入門,0
2009-02-01,倫理學概論,0
2009-02-01,生命教育,2
2009-09-01,文學概論,5
2009-09-01,藝術概論,0
2009-09-01,文化概論,0
2009-09-01,生命科學概論,0
2009-09-01,邏輯推理,0
2009-09-01,現代科技概論,0
2009-09-01,社會學概論,0
2009-09-01,現代管理學,0
2009-09-01,經濟學概論,1
2009-09-01,世界文明,3
2009-09-01,台灣史,4
2009-09-01,中國史,0
2009-09-01,憲法與人權,3
2009-09-01,法學概論,3
2009-09-01,智慧財產權,2
2009-09-01,哲學入門,0
2009-09-01,倫理學概論,0
2009-09-01,生命教育,4
2010-02-01,文學概論,6
2010-02-01,藝術概論,0
2010-02-01,文化概論,0
2010-02-01,生命科學概論,1
2010-02-01,邏輯推理,1
2010-02-01,現代科技概論,7
2010-02-01,社會學概論,0
2010-02-01,現代管理學,5
2010-02-01,經濟學概論,2
2010-02-01,世界文明,8
2010-02-01,台灣史,8
2010-02-01,中國史,6
2010-02-01,憲法與人權,3
2010-02-01,法學概論,9
2010-02-01,智慧財產權,2
2010-02-01,哲學入門,0
2010-02-01,倫理學概論,1
2010-02-01,生命教育,4
2010-02-01,創意潛能激發,0
2010-02-01,科技史,0
2010-02-01,人生哲學,0
2010-02-01,國際關係,9
2010-02-01,兩性關係,0
2010-02-01,數學漫談,1
2010-02-01,音樂欣賞,0
2010-02-01,台灣民俗與信仰,0
2010-02-01,哲學心理學,0
2010-02-01,心理成長團體,0
2010-02-01,藥學與生活,0
2010-09-01,文學概論,13
2010-09-01,藝術概論,3
2010-09-01,文化概論,4
2010-09-01,生命科學概論,1
2010-09-01,邏輯推理,1
2010-09-01,現代科技概論,9
2010-09-01,社會學概論,0
2010-09-01,現代管理學,10
2010-09-01,經濟學概論,2
2010-09-01,世界文明,10
2010-09-01,台灣史,17
2010-09-01,中國史,36
2010-09-01,憲法與人權,3
2010-09-01,法學概論,17
2010-09-01,智慧財產權,5
2010-09-01,哲學入門,1
2010-09-01,倫理學概論,1
2010-09-01,生命教育,4
2010-09-01,創意潛能激發,0
2010-09-01,科技史,0
2010-09-01,人生哲學,0
2010-09-01,國際關係,9
2010-09-01,兩性關係,0
2010-09-01,數學漫談,1
2010-09-01,音樂欣賞,0
2010-09-01,台灣民俗與信仰,0
2010-09-01,哲學心理學,0
2010-09-01,心理成長團體,0
2010-09-01,藥學與生活,0
2010-09-01,書法賞析,3
2010-09-01,古蹟欣賞入門,3
2010-09-01,水彩,0
2010-09-01,台灣近代工業教育史,0
2010-09-01,看電影學法律,0
2010-09-01,民法概要,0
2010-09-01,西洋諺語與人際關係,0
2010-09-01,婚姻與家庭,1
2010-09-01,時間學,1
2010-09-01,地學通論,1
2010-09-01,健康與人生,1
2010-09-01,歌劇欣賞,0
2010-09-01,素描,1
2010-09-01,勞動法概要,1
2010-09-01,心理與人生,0
2010-09-01,醫學與生活,4
2010-09-01,資訊與生活,2
2010-09-01,氣象與生活,0
2010-09-01,資訊法律,1
2010-09-01,博雅選修課程-自然,0
2010-09-01,博雅選修課程-文化,0
2010-09-01,博雅選修課程-社會,0
2010-09-01,博雅選修課程-法治,0
2010-09-01,博雅選修課程-歷史,0
2010-09-01,博雅選修課程-哲學,0
2011-02-01,文學概論,19
2011-02-01,藝術概論,6
2011-02-01,文化概論,12
2011-02-01,生命科學概論,1
2011-02-01,邏輯推理,1
2011-02-01,現代科技概論,9
2011-02-01,社會學概論,1
2011-02-01,現代管理學,16
2011-02-01,經濟學概論,5
2011-02-01,世界文明,16
2011-02-01,台灣史,26
2011-02-01,中國史,53
2011-02-01,憲法與人權,5
2011-02-01,法學概論,26
2011-02-01,智慧財產權,6
2011-02-01,哲學入門,1
2011-02-01,倫理學概論,2
2011-02-01,生命教育,9
2011-02-01,創意潛能激發,1
2011-02-01,科技史,0
2011-02-01,人生哲學,0
2011-02-01,國際關係,35
2011-02-01,兩性關係,0
2011-02-01,數學漫談,1
2011-02-01,音樂欣賞,0
2011-02-01,台灣民俗與信仰,0
2011-02-01,哲學心理學,0
2011-02-01,心理成長團體,0
2011-02-01,藥學與生活,0
2011-02-01,書法賞析,4
2011-02-01,古蹟欣賞入門,3
2011-02-01,水彩,1
2011-02-01,台灣近代工業教育史,0
2011-02-01,看電影學法律,0
2011-02-01,民法概要,0
2011-02-01,西洋諺語與人際關係,1
2011-02-01,婚姻與家庭,1
2011-02-01,時間學,1
2011-02-01,地學通論,1
2011-02-01,健康與人生,1
2011-02-01,歌劇欣賞,0
2011-02-01,素描,1
2011-02-01,勞動法概要,1
2011-02-01,心理與人生,0
2011-02-01,醫學與生活,4
2011-02-01,資訊與生活,3
2011-02-01,氣象與生活,0
2011-02-01,資訊法律,1
2011-02-01,博雅選修課程-自然,0
2011-02-01,博雅選修課程-文化,0
2011-02-01,博雅選修課程-社會,0
2011-02-01,博雅選修課程-法治,0
2011-02-01,博雅選修課程-歷史,0
2011-02-01,博雅選修課程-哲學,0
2011-02-01,法國文化與歐盟,1
2011-02-01,當代社會問題探討,0
2011-02-01,中國美學,1
2011-02-01,膳食與生活,0
2011-02-01,光電科技簡介,5
2011-02-01,媒體與社會,0
2011-02-01,中國醫療文化史,0
2011-02-01,人際關係,4
2011-02-01,博雅講座,1
2011-02-01,台灣歌謠史,0
2011-02-01,口述歷史,0
2011-02-01,政治與生活,0
2011-02-01,兒童文學,3
2011-09-01,文學概論,28
2011-09-01,藝術概論,18
2011-09-01,文化概論,28
2011-09-01,生命科學概論,2
2011-09-01,邏輯推理,1
2011-09-01,現代科技概論,9
2011-09-01,社會學概論,2
2011-09-01,現代管理學,21
2011-09-01,經濟學概論,5
2011-09-01,世界文明,31
2011-09-01,台灣史,32
2011-09-01,中國史,73
2011-09-01,憲法與人權,7
2011-09-01,法學概論,32
2011-09-01,智慧財產權,9
2011-09-01,哲學入門,2
2011-09-01,倫理學概論,3
2011-09-01,生命教育,11
2011-09-01,創意潛能激發,1
2011-09-01,科技史,1
2011-09-01,人生哲學,0
2011-09-01,國際關係,39
2011-09-01,兩性關係,0
2011-09-01,數學漫談,1
2011-09-01,音樂欣賞,0
2011-09-01,台灣民俗與信仰,3
2011-09-01,哲學心理學,2
2011-09-01,心理成長團體,0
2011-09-01,藥學與生活,0
2011-09-01,書法賞析,4
2011-09-01,古蹟欣賞入門,3
2011-09-01,水彩,3
2011-09-01,台灣近代工業教育史,0
2011-09-01,看電影學法律,0
2011-09-01,民法概要,0
2011-09-01,西洋諺語與人際關係,1
2011-09-01,婚姻與家庭,2
2011-09-01,時間學,1
2011-09-01,地學通論,7
2011-09-01,健康與人生,1
2011-09-01,歌劇欣賞,1
2011-09-01,素描,2
2011-09-01,勞動法概要,1
2011-09-01,心理與人生,0
2011-09-01,醫學與生活,6
2011-09-01,資訊與生活,3
2011-09-01,氣象與生活,1
2011-09-01,資訊法律,1
2011-09-01,博雅選修課程-自然,0
2011-09-01,博雅選修課程-文化,0
2011-09-01,博雅選修課程-社會,0
2011-09-01,博雅選修課程-法治,0
2011-09-01,博雅選修課程-歷史,0
2011-09-01,博雅選修課程-哲學,0
2011-09-01,法國文化與歐盟,1
2011-09-01,當代社會問題探討,0
2011-09-01,中國美學,1
2011-09-01,膳食與生活,0
2011-09-01,光電科技簡介,5
2011-09-01,媒體與社會,1
2011-09-01,中國醫療文化史,1
2011-09-01,人際關係,4
2011-09-01,博雅講座,1
2011-09-01,台灣歌謠史,1
2011-09-01,口述歷史,1
2011-09-01,政治與生活,0
2011-09-01,兒童文學,3
2011-09-01,科技法律與倫理,0
2011-09-01,中國古典短篇小說,0
2011-09-01,茶與文學,0
2011-09-01,植物與糧食,0
2011-09-01,生態哲學概論,0
2011-09-01,經濟變遷與發展,0
2011-09-01,西洋藝術欣賞,2
2012-02-01,文學概論,48
2012-02-01,藝術概論,23
2012-02-01,文化概論,34
2012-02-01,生命科學概論,3
2012-02-01,邏輯推理,1
2012-02-01,現代科技概論,9
2012-02-01,社會學概論,3
2012-02-01,現代管理學,21
2012-02-01,經濟學概論,8
2012-02-01,世界文明,32
2012-02-01,台灣史,38
2012-02-01,中國史,81
2012-02-01,憲法與人權,7
2012-02-01,法學概論,38
2012-02-01,智慧財產權,10
2012-02-01,哲學入門,3
2012-02-01,倫理學概論,6
2012-02-01,生命教育,13
2012-02-01,創意潛能激發,1
2012-02-01,科技史,2
2012-02-01,人生哲學,3
2012-02-01,國際關係,42
2012-02-01,兩性關係,0
2012-02-01,數學漫談,1
2012-02-01,音樂欣賞,2
2012-02-01,台灣民俗與信仰,3
2012-02-01,哲學心理學,3
2012-02-01,心理成長團體,0
2012-02-01,藥學與生活,2
2012-02-01,書法賞析,6
2012-02-01,古蹟欣賞入門,3
2012-02-01,水彩,3
2012-02-01,台灣近代工業教育史,0
2012-02-01,看電影學法律,0
2012-02-01,民法概要,0
2012-02-01,西洋諺語與人際關係,3
2012-02-01,婚姻與家庭,5
2012-02-01,時間學,2
2012-02-01,地學通論,7
2012-02-01,健康與人生,1
2012-02-01,歌劇欣賞,1
2012-02-01,素描,3
2012-02-01,勞動法概要,2
2012-02-01,心理與人生,0
2012-02-01,醫學與生活,11
2012-02-01,資訊與生活,7
2012-02-01,氣象與生活,1
2012-02-01,資訊法律,2
2012-02-01,博雅選修課程-自然,0
2012-02-01,博雅選修課程-文化,0
2012-02-01,博雅選修課程-社會,0
2012-02-01,博雅選修課程-法治,0
2012-02-01,博雅選修課程-歷史,0
2012-02-01,博雅選修課程-哲學,0
2012-02-01,法國文化與歐盟,2
2012-02-01,當代社會問題探討,0
2012-02-01,中國美學,1
2012-02-01,膳食與生活,0
2012-02-01,光電科技簡介,7
2012-02-01,媒體與社會,3
2012-02-01,中國醫療文化史,5
2012-02-01,人際關係,4
2012-02-01,博雅講座,2
2012-02-01,台灣歌謠史,3
2012-02-01,口述歷史,5
2012-02-01,政治與生活,2
2012-02-01,兒童文學,3
2012-02-01,科技法律與倫理,0
2012-02-01,中國古典短篇小說,1
2012-02-01,茶與文學,0
2012-02-01,植物與糧食,0
2012-02-01,生態哲學概論,1
2012-02-01,經濟變遷與發展,0
2012-02-01,西洋藝術欣賞,2
2012-02-01,玉文化概述,0
2012-02-01,法律與生活,1
2012-02-01,刑法概要,0
2012-02-01,認識中國大陸,7
2012-09-01,文學概論,61
2012-09-01,藝術概論,23
2012-09-01,文化概論,39
2012-09-01,生命科學概論,3
2012-09-01,邏輯推理,2
2012-09-01,現代科技概論,10
2012-09-01,社會學概論,3
2012-09-01,現代管理學,24
2012-09-01,經濟學概論,9
2012-09-01,世界文明,41
2012-09-01,台灣史,39
2012-09-01,中國史,90
2012-09-01,憲法與人權,7
2012-09-01,法學概論,41
2012-09-01,智慧財產權,12
2012-09-01,哲學入門,4
2012-09-01,倫理學概論,6
2012-09-01,生命教育,15
2012-09-01,創意潛能激發,2
2012-09-01,科技史,2
2012-09-01,人生哲學,3
2012-09-01,國際關係,51
2012-09-01,兩性關係,5
2012-09-01,數學漫談,1
2012-09-01,音樂欣賞,7
2012-09-01,台灣民俗與信仰,4
2012-09-01,哲學心理學,3
2012-09-01,心理成長團體,0
2012-09-01,藥學與生活,2
2012-09-01,書法賞析,7
2012-09-01,古蹟欣賞入門,3
2012-09-01,水彩,3
2012-09-01,台灣近代工業教育史,0
2012-09-01,看電影學法律,0
2012-09-01,民法概要,0
2012-09-01,西洋諺語與人際關係,5
2012-09-01,婚姻與家庭,5
2012-09-01,時間學,3
2012-09-01,地學通論,7
2012-09-01,健康與人生,1
2012-09-01,歌劇欣賞,1
2012-09-01,素描,3
2012-09-01,勞動法概要,2
2012-09-01,心理與人生,0
2012-09-01,醫學與生活,17
2012-09-01,資訊與生活,8
2012-09-01,氣象與生活,1
2012-09-01,資訊法律,2
2012-09-01,博雅選修課程-自然,0
2012-09-01,博雅選修課程-文化,0
2012-09-01,博雅選修課程-社會,0
2012-09-01,博雅選修課程-法治,0
2012-09-01,博雅選修課程-歷史,0
2012-09-01,博雅選修課程-哲學,0
2012-09-01,法國文化與歐盟,6
2012-09-01,當代社會問題探討,0
2012-09-01,中國美學,1
2012-09-01,膳食與生活,0
2012-09-01,光電科技簡介,7
2012-09-01,媒體與社會,3
2012-09-01,中國醫療文化史,5
2012-09-01,人際關係,4
2012-09-01,博雅講座,2
2012-09-01,台灣歌謠史,3
2012-09-01,口述歷史,5
2012-09-01,政治與生活,2
2012-09-01,兒童文學,3
2012-09-01,科技法律與倫理,0
2012-09-01,中國古典短篇小說,1
2012-09-01,茶與文學,0
2012-09-01,植物與糧食,2
2012-09-01,生態哲學概論,1
2012-09-01,經濟變遷與發展,0
2012-09-01,西洋藝術欣賞,3
2012-09-01,玉文化概述,0
2012-09-01,法律與生活,3
2012-09-01,刑法概要,0
2012-09-01,認識中國大陸,13
2012-09-01,影像與世界史,2
2012-09-01,佛學與人生,4
2012-09-01,環保概論,0
2012-09-01,綠色科技與生活,0
2012-09-01,藝術欣賞,0
2012-09-01,台灣社會與文化,0
2012-09-01,兩岸憲政體制概論,0
2012-09-01,戰後台灣史,1
2013-02-01,文學概論,63
2013-02-01,藝術概論,31
2013-02-01,文化概論,48
2013-02-01,生命科學概論,3
2013-02-01,邏輯推理,2
2013-02-01,現代科技概論,11
2013-02-01,社會學概論,3
2013-02-01,現代管理學,25
2013-02-01,經濟學概論,10
2013-02-01,世界文明,53
2013-02-01,台灣史,49
2013-02-01,中國史,97
2013-02-01,憲法與人權,7
2013-02-01,法學概論,43
2013-02-01,智慧財產權,12
2013-02-01,哲學入門,5
2013-02-01,倫理學概論,7
2013-02-01,生命教育,16
2013-02-01,創意潛能激發,5
2013-02-01,科技史,2
2013-02-01,人生哲學,3
2013-02-01,國際關係,55
2013-02-01,兩性關係,7
2013-02-01,數學漫談,1
2013-02-01,音樂欣賞,9
2013-02-01,台灣民俗與信仰,4
2013-02-01,哲學心理學,5
2013-02-01,心理成長團體,0
2013-02-01,藥學與生活,3
2013-02-01,書法賞析,9
2013-02-01,古蹟欣賞入門,3
2013-02-01,水彩,3
2013-02-01,台灣近代工業教育史,0
2013-02-01,看電影學法律,0
2013-02-01,民法概要,0
2013-02-01,西洋諺語與人際關係,8
2013-02-01,婚姻與家庭,5
2013-02-01,時間學,3
2013-02-01,地學通論,8
2013-02-01,健康與人生,1
2013-02-01,歌劇欣賞,1
2013-02-01,素描,3
2013-02-01,勞動法概要,2
2013-02-01,心理與人生,0
2013-02-01,醫學與生活,19
2013-02-01,資訊與生活,9
2013-02-01,氣象與生活,1
2013-02-01,資訊法律,3
2013-02-01,博雅選修課程-自然,0
2013-02-01,博雅選修課程-文化,0
2013-02-01,博雅選修課程-社會,0
2013-02-01,博雅選修課程-法治,0
2013-02-01,博雅選修課程-歷史,0
2013-02-01,博雅選修課程-哲學,0
2013-02-01,法國文化與歐盟,8
2013-02-01,當代社會問題探討,0
2013-02-01,中國美學,3
2013-02-01,膳食與生活,1
2013-02-01,光電科技簡介,8
2013-02-01,媒體與社會,5
2013-02-01,中國醫療文化史,8
2013-02-01,人際關係,5
2013-02-01,博雅講座,3
2013-02-01,台灣歌謠史,3
2013-02-01,口述歷史,8
2013-02-01,政治與生活,2
2013-02-01,兒童文學,3
2013-02-01,科技法律與倫理,0
2013-02-01,中國古典短篇小說,1
2013-02-01,茶與文學,0
2013-02-01,植物與糧食,2
2013-02-01,生態哲學概論,1
2013-02-01,經濟變遷與發展,0
2013-02-01,西洋藝術欣賞,3
2013-02-01,玉文化概述,0
2013-02-01,法律與生活,3
2013-02-01,刑法概要,0
2013-02-01,認識中國大陸,23
2013-02-01,影像與世界史,2
2013-02-01,佛學與人生,4
2013-02-01,環保概論,0
2013-02-01,綠色科技與生活,0
2013-02-01,藝術欣賞,3
2013-02-01,台灣社會與文化,0
2013-02-01,兩岸憲政體制概論,0
2013-02-01,戰後台灣史,1
2013-02-01,全球暖化,0
2013-02-01,勞動法,0
2013-02-01,生活環境與輻射,0
2013-02-01,勞工問題與勞資爭議,0
2013-02-01,二十世紀中國現代文學與文化建構,0
2013-02-01,社會哲學,0
2013-02-01,溝通管理,0
2013-09-01,文學概論,75
2013-09-01,藝術概論,41
2013-09-01,文化概論,63
2013-09-01,生命科學概論,4
2013-09-01,邏輯推理,2
2013-09-01,現代科技概論,12
2013-09-01,社會學概論,4
2013-09-01,現代管理學,25
2013-09-01,經濟學概論,15
2013-09-01,世界文明,57
2013-09-01,台灣史,54
2013-09-01,中國史,115
2013-09-01,憲法與人權,7
2013-09-01,法學概論,70
2013-09-01,智慧財產權,13
2013-09-01,哲學入門,7
2013-09-01,倫理學概論,7
2013-09-01,生命教育,18
2013-09-01,創意潛能激發,7
2013-09-01,科技史,4
2013-09-01,人生哲學,3
2013-09-01,國際關係,66
2013-09-01,兩性關係,9
2013-09-01,數學漫談,1
2013-09-01,音樂欣賞,10
2013-09-01,台灣民俗與信仰,6
2013-09-01,哲學心理學,6
2013-09-01,心理成長團體,0
2013-09-01,藥學與生活,3
2013-09-01,書法賞析,9
2013-09-01,古蹟欣賞入門,3
2013-09-01,水彩,4
2013-09-01,台灣近代工業教育史,0
2013-09-01,看電影學法律,0
2013-09-01,民法概要,2
2013-09-01,西洋諺語與人際關係,10
2013-09-01,婚姻與家庭,7
2013-09-01,時間學,3
2013-09-01,地學通論,8
2013-09-01,健康與人生,1
2013-09-01,歌劇欣賞,1
2013-09-01,素描,3
2013-09-01,勞動法概要,2
2013-09-01,心理與人生,0
2013-09-01,醫學與生活,21
2013-09-01,資訊與生活,10
2013-09-01,氣象與生活,1
2013-09-01,資訊法律,4
2013-09-01,博雅選修課程-自然,0
2013-09-01,博雅選修課程-文化,0
2013-09-01,博雅選修課程-社會,0
2013-09-01,博雅選修課程-法治,0
2013-09-01,博雅選修課程-歷史,0
2013-09-01,博雅選修課程-哲學,0
2013-09-01,法國文化與歐盟,8
2013-09-01,當代社會問題探討,0
2013-09-01,中國美學,5
2013-09-01,膳食與生活,2
2013-09-01,光電科技簡介,10
2013-09-01,媒體與社會,5
2013-09-01,中國醫療文化史,8
2013-09-01,人際關係,6
2013-09-01,博雅講座,3
2013-09-01,台灣歌謠史,4
2013-09-01,口述歷史,8
2013-09-01,政治與生活,3
2013-09-01,兒童文學,3
2013-09-01,科技法律與倫理,1
2013-09-01,中國古典短篇小說,1
2013-09-01,茶與文學,0
2013-09-01,植物與糧食,2
2013-09-01,生態哲學概論,1
2013-09-01,經濟變遷與發展,0
2013-09-01,西洋藝術欣賞,3
2013-09-01,玉文化概述,0
2013-09-01,法律與生活,3
2013-09-01,刑法概要,0
2013-09-01,認識中國大陸,28
2013-09-01,影像與世界史,2
2013-09-01,佛學與人生,4
2013-09-01,環保概論,0
2013-09-01,綠色科技與生活,0
2013-09-01,藝術欣賞,3
2013-09-01,台灣社會與文化,0
2013-09-01,兩岸憲政體制概論,0
2013-09-01,戰後台灣史,2
2013-09-01,全球暖化,0
2013-09-01,勞動法,0
2013-09-01,生活環境與輻射,0
2013-09-01,勞工問題與勞資爭議,0
2013-09-01,二十世紀中國現代文學與文化建構,0
2013-09-01,社會哲學,0
2013-09-01,溝通管理,0
2013-09-01,著作權法,0
2013-09-01,環境與自然保育,0
2013-09-01,台灣歷史名著選讀,0
2013-09-01,宗教與人生,0
2013-09-01,台灣的歷史與古蹟,0
2013-09-01,網路法律問題探討,0
2013-09-01,投資學概論,14
2013-09-01,莊子的智慧,0
2013-09-01,先秦夢文學賞析,0
2013-09-01,中國哲學史,0
2014-02-01,文學概論,81
2014-02-01,藝術概論,43
2014-02-01,文化概論,80
2014-02-01,生命科學概論,5
2014-02-01,邏輯推理,2
2014-02-01,現代科技概論,12
2014-02-01,社會學概論,5
2014-02-01,現代管理學,25
2014-02-01,經濟學概論,15
2014-02-01,世界文明,80
2014-02-01,台灣史,57
2014-02-01,中國史,125
2014-02-01,憲法與人權,7
2014-02-01,法學概論,82
2014-02-01,智慧財產權,14
2014-02-01,哲學入門,12
2014-02-01,倫理學概論,9
2014-02-01,生命教育,18
2014-02-01,創意潛能激發,9
2014-02-01,科技史,5
2014-02-01,人生哲學,3
2014-02-01,國際關係,81
2014-02-01,兩性關係,9
2014-02-01,數學漫談,1
2014-02-01,音樂欣賞,12
2014-02-01,台灣民俗與信仰,6
2014-02-01,哲學心理學,6
2014-02-01,心理成長團體,0
2014-02-01,藥學與生活,4
2014-02-01,書法賞析,9
2014-02-01,古蹟欣賞入門,3
2014-02-01,水彩,4
2014-02-01,台灣近代工業教育史,0
2014-02-01,看電影學法律,0
2014-02-01,民法概要,2
2014-02-01,西洋諺語與人際關係,11
2014-02-01,婚姻與家庭,9
2014-02-01,時間學,3
2014-02-01,地學通論,9
2014-02-01,健康與人生,1
2014-02-01,歌劇欣賞,3
2014-02-01,素描,4
2014-02-01,勞動法概要,2
2014-02-01,心理與人生,0
2014-02-01,醫學與生活,27
2014-02-01,資訊與生活,10
2014-02-01,氣象與生活,1
2014-02-01,資訊法律,4
2014-02-01,博雅選修課程-自然,1
2014-02-01,博雅選修課程-文化,0
2014-02-01,博雅選修課程-社會,0
2014-02-01,博雅選修課程-法治,0
2014-02-01,博雅選修課程-歷史,1
2014-02-01,博雅選修課程-哲學,0
2014-02-01,法國文化與歐盟,8
2014-02-01,當代社會問題探討,0
2014-02-01,中國美學,7
2014-02-01,膳食與生活,3
2014-02-01,光電科技簡介,11
2014-02-01,媒體與社會,5
2014-02-01,中國醫療文化史,8
2014-02-01,人際關係,6
2014-02-01,博雅講座,3
2014-02-01,台灣歌謠史,4
2014-02-01,口述歷史,8
2014-02-01,政治與生活,3
2014-02-01,兒童文學,3
2014-02-01,科技法律與倫理,1
2014-02-01,中國古典短篇小說,1
2014-02-01,茶與文學,1
2014-02-01,植物與糧食,2
2014-02-01,生態哲學概論,1
2014-02-01,經濟變遷與發展,0
2014-02-01,西洋藝術欣賞,3
2014-02-01,玉文化概述,0
2014-02-01,法律與生活,4
2014-02-01,刑法概要,0
2014-02-01,認識中國大陸,33
2014-02-01,影像與世界史,2
2014-02-01,佛學與人生,4
2014-02-01,環保概論,0
2014-02-01,綠色科技與生活,0
2014-02-01,藝術欣賞,3
2014-02-01,台灣社會與文化,0
2014-02-01,兩岸憲政體制概論,0
2014-02-01,戰後台灣史,4
2014-02-01,全球暖化,0
2014-02-01,勞動法,0
2014-02-01,生活環境與輻射,0
2014-02-01,勞工問題與勞資爭議,0
2014-02-01,二十世紀中國現代文學與文化建構,0
2014-02-01,社會哲學,0
2014-02-01,溝通管理,2
2014-02-01,著作權法,0
2014-02-01,環境與自然保育,0
2014-02-01,台灣歷史名著選讀,1
2014-02-01,宗教與人生,1
2014-02-01,台灣的歷史與古蹟,0
2014-02-01,網路法律問題探討,4
2014-02-01,投資學概論,16
2014-02-01,莊子的智慧,0
2014-02-01,先秦夢文學賞析,0
2014-02-01,中國哲學史,0
2014-02-01,邏輯推理與應用,1
2014-02-01,生態與環保,0
2014-02-01,全球化之衝突與共生,2
2014-02-01,台灣文學史,0
2014-02-01,台灣近代史事與人物,0
2014-02-01,歷史與人生,0
2014-09-01,文學概論,92
2014-09-01,藝術概論,44
2014-09-01,文化概論,90
2014-09-01,生命科學概論,5
2014-09-01,邏輯推理,2
2014-09-01,現代科技概論,12
2014-09-01,社會學概論,10
2014-09-01,現代管理學,27
2014-09-01,經濟學概論,15
2014-09-01,世界文明,91
2014-09-01,台灣史,70
2014-09-01,中國史,129
2014-09-01,憲法與人權,8
2014-09-01,法學概論,93
2014-09-01,智慧財產權,15
2014-09-01,哲學入門,14
2014-09-01,倫理學概論,14
2014-09-01,生命教育,18
2014-09-01,創意潛能激發,13
2014-09-01,科技史,5
2014-09-01,人生哲學,4
2014-09-01,國際關係,83
2014-09-01,兩性關係,9
2014-09-01,數學漫談,1
2014-09-01,音樂欣賞,17
2014-09-01,台灣民俗與信仰,6
2014-09-01,哲學心理學,6
2014-09-01,心理成長團體,0
2014-09-01,藥學與生活,4
2014-09-01,書法賞析,9
2014-09-01,古蹟欣賞入門,3
2014-09-01,水彩,4
2014-09-01,台灣近代工業教育史,0
2014-09-01,看電影學法律,0
2014-09-01,民法概要,2
2014-09-01,西洋諺語與人際關係,12
2014-09-01,婚姻與家庭,9
2014-09-01,時間學,3
2014-09-01,地學通論,11
2014-09-01,健康與人生,1
2014-09-01,歌劇欣賞,5
2014-09-01,素描,6
2014-09-01,勞動法概要,2
2014-09-01,心理與人生,0
2014-09-01,醫學與生活,34
2014-09-01,資訊與生活,11
2014-09-01,氣象與生活,1
2014-09-01,資訊法律,4
2014-09-01,博雅選修課程-自然,1
2014-09-01,博雅選修課程-文化,0
2014-09-01,博雅選修課程-社會,0
2014-09-01,博雅選修課程-法治,0
2014-09-01,博雅選修課程-歷史,1
2014-09-01,博雅選修課程-哲學,0
2014-09-01,法國文化與歐盟,9
2014-09-01,當代社會問題探討,0
2014-09-01,中國美學,7
2014-09-01,膳食與生活,3
2014-09-01,光電科技簡介,12
2014-09-01,媒體與社會,5
2014-09-01,中國醫療文化史,8
2014-09-01,人際關係,6
2014-09-01,博雅講座,3
2014-09-01,台灣歌謠史,4
2014-09-01,口述歷史,8
2014-09-01,政治與生活,3
2014-09-01,兒童文學,3
2014-09-01,科技法律與倫理,1
2014-09-01,中國古典短篇小說,1
2014-09-01,茶與文學,1
2014-09-01,植物與糧食,2
2014-09-01,生態哲學概論,1
2014-09-01,經濟變遷與發展,0
2014-09-01,西洋藝術欣賞,3
2014-09-01,玉文化概述,0
2014-09-01,法律與生活,4
2014-09-01,刑法概要,0
2014-09-01,認識中國大陸,33
2014-09-01,影像與世界史,2
2014-09-01,佛學與人生,4
2014-09-01,環保概論,0
2014-09-01,綠色科技與生活,3
2014-09-01,藝術欣賞,3
2014-09-01,台灣社會與文化,0
2014-09-01,兩岸憲政體制概論,0
2014-09-01,戰後台灣史,4
2014-09-01,全球暖化,0
2014-09-01,勞動法,0
2014-09-01,生活環境與輻射,0
2014-09-01,勞工問題與勞資爭議,1
2014-09-01,二十世紀中國現代文學與文化建構,0
2014-09-01,社會哲學,0
2014-09-01,溝通管理,2
2014-09-01,著作權法,1
2014-09-01,環境與自然保育,0
2014-09-01,台灣歷史名著選讀,1
2014-09-01,宗教與人生,1
2014-09-01,台灣的歷史與古蹟,2
2014-09-01,網路法律問題探討,4
2014-09-01,投資學概論,16
2014-09-01,莊子的智慧,0
2014-09-01,先秦夢文學賞析,0
2014-09-01,中國哲學史,0
2014-09-01,邏輯推理與應用,2
2014-09-01,生態與環保,0
2014-09-01,全球化之衝突與共生,2
2014-09-01,台灣文學史,0
2014-09-01,台灣近代史事與人物,0
2014-09-01,歷史與人生,0
2014-09-01,志怪小說,1
2014-09-01,世界飲食史,1
2014-09-01,科學哲學,0
2014-09-01,兩岸關係與國際政治,0
2014-09-01,創業管理概論,3
2014-09-01,正向心理學,0
2015-02-01,文學概論,100
2015-02-01,藝術概論,47
2015-02-01,文化概論,153
2015-02-01,生命科學概論,5
2015-02-01,邏輯推理,2
2015-02-01,現代科技概論,12
2015-02-01,社會學概論,10
2015-02-01,現代管理學,27
2015-02-01,經濟學概論,15
2015-02-01,世界文明,107
2015-02-01,台灣史,78
2015-02-01,中國史,148
2015-02-01,憲法與人權,8
2015-02-01,法學概論,99
2015-02-01,智慧財產權,16
2015-02-01,哲學入門,20
2015-02-01,倫理學概論,15
2015-02-01,生命教育,18
2015-02-01,創意潛能激發,17
2015-02-01,科技史,5
2015-02-01,人生哲學,4
2015-02-01,國際關係,97
2015-02-01,兩性關係,11
2015-02-01,數學漫談,1
2015-02-01,音樂欣賞,23
2015-02-01,台灣民俗與信仰,8
2015-02-01,哲學心理學,9
2015-02-01,心理成長團體,0
2015-02-01,藥學與生活,4
2015-02-01,書法賞析,9
2015-02-01,古蹟欣賞入門,3
2015-02-01,水彩,4
2015-02-01,台灣近代工業教育史,0
2015-02-01,看電影學法律,0
2015-02-01,民法概要,3
2015-02-01,西洋諺語與人際關係,12
2015-02-01,婚姻與家庭,9
2015-02-01,時間學,3
2015-02-01,地學通論,12
2015-02-01,健康與人生,1
2015-02-01,歌劇欣賞,7
2015-02-01,素描,6
2015-02-01,勞動法概要,2
2015-02-01,心理與人生,0
2015-02-01,醫學與生活,41
2015-02-01,資訊與生活,11
2015-02-01,氣象與生活,1
2015-02-01,資訊法律,4
2015-02-01,博雅選修課程-自然,1
2015-02-01,博雅選修課程-文化,1
2015-02-01,博雅選修課程-社會,0
2015-02-01,博雅選修課程-法治,0
2015-02-01,博雅選修課程-歷史,1
2015-02-01,博雅選修課程-哲學,0
2015-02-01,法國文化與歐盟,9
2015-02-01,當代社會問題探討,0
2015-02-01,中國美學,7
2015-02-01,膳食與生活,4
2015-02-01,光電科技簡介,13
2015-02-01,媒體與社會,5
2015-02-01,中國醫療文化史,12
2015-02-01,人際關係,6
2015-02-01,博雅講座,3
2015-02-01,台灣歌謠史,4
2015-02-01,口述歷史,8
2015-02-01,政治與生活,3
2015-02-01,兒童文學,3
2015-02-01,科技法律與倫理,1
2015-02-01,中國古典短篇小說,1
2015-02-01,茶與文學,1
2015-02-01,植物與糧食,2
2015-02-01,生態哲學概論,1
2015-02-01,經濟變遷與發展,0
2015-02-01,西洋藝術欣賞,3
2015-02-01,玉文化概述,0
2015-02-01,法律與生活,4
2015-02-01,刑法概要,0
2015-02-01,認識中國大陸,33
2015-02-01,影像與世界史,2
2015-02-01,佛學與人生,4
2015-02-01,環保概論,0
2015-02-01,綠色科技與生活,6
2015-02-01,藝術欣賞,3
2015-02-01,台灣社會與文化,0
2015-02-01,兩岸憲政體制概論,0
2015-02-01,戰後台灣史,4
2015-02-01,全球暖化,0
2015-02-01,勞動法,1
2015-02-01,生活環境與輻射,0
2015-02-01,勞工問題與勞資爭議,1
2015-02-01,二十世紀中國現代文學與文化建構,0
2015-02-01,社會哲學,0
2015-02-01,溝通管理,2
2015-02-01,著作權法,1
2015-02-01,環境與自然保育,0
2015-02-01,台灣歷史名著選讀,1
2015-02-01,宗教與人生,2
2015-02-01,台灣的歷史與古蹟,2
2015-02-01,網路法律問題探討,4
2015-02-01,投資學概論,16
2015-02-01,莊子的智慧,0
2015-02-01,先秦夢文學賞析,0
2015-02-01,中國哲學史,0
2015-02-01,邏輯推理與應用,11
2015-02-01,生態與環保,0
2015-02-01,全球化之衝突與共生,2
2015-02-01,台灣文學史,2
2015-02-01,台灣近代史事與人物,0
2015-02-01,歷史與人生,1
2015-02-01,志怪小說,1
2015-02-01,世界飲食史,1
2015-02-01,科學哲學,0
2015-02-01,兩岸關係與國際政治,0
2015-02-01,創業管理概論,3
2015-02-01,正向心理學,0
2015-02-01,創新與創業,1
2015-02-01,創新思考,0
2015-02-01,創業概論,1
2015-02-01,中國近代史,1
2015-02-01,創業計畫書撰寫,2
2015-02-01,宇宙探祕,1
2015-02-01,創業與財務概論,0
2015-02-01,新創事業與專利,0
2015-02-01,台灣科技發展史,1
2015-02-01,篆刻藝術欣賞與習作,0
2015-02-01,戰爭影像與戰爭史,0
2015-02-01,大中華經濟圈,3
2015-02-01,歷史與文物,2
2015-02-01,法國文化資產與紙設計創新研發,0
2015-02-01,博物館創新導覽研究與研發,10
2015-02-01,行政法,1
2015-09-01,文學概論,105
2015-09-01,藝術概論,51
2015-09-01,文化概論,162
2015-09-01,生命科學概論,5
2015-09-01,邏輯推理,2
2015-09-01,現代科技概論,12
2015-09-01,社會學概論,10
2015-09-01,現代管理學,30
2015-09-01,經濟學概論,16
2015-09-01,世界文明,107
2015-09-01,台灣史,80
2015-09-01,中國史,155
2015-09-01,憲法與人權,10
2015-09-01,法學概論,99
2015-09-01,智慧財產權,16
2015-09-01,哲學入門,22
2015-09-01,倫理學概論,15
2015-09-01,生命教育,20
2015-09-01,創意潛能激發,22
2015-09-01,科技史,5
2015-09-01,人生哲學,4
2015-09-01,國際關係,99
2015-09-01,兩性關係,14
2015-09-01,數學漫談,1
2015-09-01,音樂欣賞,28
2015-09-01,台灣民俗與信仰,10
2015-09-01,哲學心理學,9
2015-09-01,心理成長團體,0
2015-09-01,藥學與生活,4
2015-09-01,書法賞析,10
2015-09-01,古蹟欣賞入門,3
2015-09-01,水彩,4
2015-09-01,台灣近代工業教育史,0
2015-09-01,看電影學法律,0
2015-09-01,民法概要,4
2015-09-01,西洋諺語與人際關係,12
2015-09-01,婚姻與家庭,10
2015-09-01,時間學,3
2015-09-01,地學通論,12
2015-09-01,健康與人生,1
2015-09-01,歌劇欣賞,7
2015-09-01,素描,6
2015-09-01,勞動法概要,2
2015-09-01,心理與人生,0
2015-09-01,醫學與生活,46
2015-09-01,資訊與生活,11
2015-09-01,氣象與生活,1
2015-09-01,資訊法律,4
2015-09-01,博雅選修課程-自然,1
2015-09-01,博雅選修課程-文化,1
2015-09-01,博雅選修課程-社會,0
2015-09-01,博雅選修課程-法治,0
2015-09-01,博雅選修課程-歷史,1
2015-09-01,博雅選修課程-哲學,1
2015-09-01,法國文化與歐盟,9
2015-09-01,當代社會問題探討,0
2015-09-01,中國美學,7
2015-09-01,膳食與生活,5
2015-09-01,光電科技簡介,16
2015-09-01,媒體與社會,6
2015-09-01,中國醫療文化史,12
2015-09-01,人際關係,6
2015-09-01,博雅講座,3
2015-09-01,台灣歌謠史,4
2015-09-01,口述歷史,8
2015-09-01,政治與生活,3
2015-09-01,兒童文學,3
2015-09-01,科技法律與倫理,1
2015-09-01,中國古典短篇小說,1
2015-09-01,茶與文學,1
2015-09-01,植物與糧食,2
2015-09-01,生態哲學概論,1
2015-09-01,經濟變遷與發展,0
2015-09-01,西洋藝術欣賞,3
2015-09-01,玉文化概述,0
2015-09-01,法律與生活,4
2015-09-01,刑法概要,0
2015-09-01,認識中國大陸,33
2015-09-01,影像與世界史,2
2015-09-01,佛學與人生,4
2015-09-01,環保概論,0
2015-09-01,綠色科技與生活,8
2015-09-01,藝術欣賞,3
2015-09-01,台灣社會與文化,0
2015-09-01,兩岸憲政體制概論,0
2015-09-01,戰後台灣史,4
2015-09-01,全球暖化,0
2015-09-01,勞動法,1
2015-09-01,生活環境與輻射,0
2015-09-01,勞工問題與勞資爭議,1
2015-09-01,二十世紀中國現代文學與文化建構,0
2015-09-01,社會哲學,0
2015-09-01,溝通管理,2
2015-09-01,著作權法,2
2015-09-01,環境與自然保育,0
2015-09-01,台灣歷史名著選讀,1
2015-09-01,宗教與人生,3
2015-09-01,台灣的歷史與古蹟,2
2015-09-01,網路法律問題探討,4
2015-09-01,投資學概論,16
2015-09-01,莊子的智慧,0
2015-09-01,先秦夢文學賞析,0
2015-09-01,中國哲學史,0
2015-09-01,邏輯推理與應用,13
2015-09-01,生態與環保,1
2015-09-01,全球化之衝突與共生,4
2015-09-01,台灣文學史,2
2015-09-01,台灣近代史事與人物,0
2015-09-01,歷史與人生,2
2015-09-01,志怪小說,1
2015-09-01,世界飲食史,1
2015-09-01,科學哲學,0
2015-09-01,兩岸關係與國際政治,2
2015-09-01,創業管理概論,10
2015-09-01,正向心理學,0
2015-09-01,創新與創業,2
2015-09-01,創新思考,2
2015-09-01,創業概論,3
2015-09-01,中國近代史,1
2015-09-01,創業計畫書撰寫,13
2015-09-01,宇宙探祕,2
2015-09-01,創業與財務概論,1
2015-09-01,新創事業與專利,1
2015-09-01,台灣科技發展史,1
2015-09-01,篆刻藝術欣賞與習作,0
2015-09-01,戰爭影像與戰爭史,0
2015-09-01,大中華經濟圈,3
2015-09-01,歷史與文物,2
2015-09-01,法國文化資產與紙設計創新研發,0
2015-09-01,博物館創新導覽研究與研發,19
2015-09-01,行政法,1
2015-09-01,生涯發展與選擇,1
2015-09-01,物聯網應用,1
2016-02-01,文學概論,111
2016-02-01,藝術概論,52
2016-02-01,文化概論,182
2016-02-01,生命科學概論,5
2016-02-01,邏輯推理,2
2016-02-01,現代科技概論,12
2016-02-01,社會學概論,14
2016-02-01,現代管理學,35
2016-02-01,經濟學概論,18
2016-02-01,世界文明,107
2016-02-01,台灣史,82
2016-02-01,中國史,160
2016-02-01,憲法與人權,11
2016-02-01,法學概論,101
2016-02-01,智慧財產權,17
2016-02-01,哲學入門,25
2016-02-01,倫理學概論,18
2016-02-01,生命教育,23
2016-02-01,創意潛能激發,22
2016-02-01,科技史,5
2016-02-01,人生哲學,4
2016-02-01,國際關係,115
2016-02-01,兩性關係,22
2016-02-01,數學漫談,1
2016-02-01,音樂欣賞,35
2016-02-01,台灣民俗與信仰,10
2016-02-01,哲學心理學,9
2016-02-01,心理成長團體,0
2016-02-01,藥學與生活,4
2016-02-01,書法賞析,10
2016-02-01,古蹟欣賞入門,3
2016-02-01,水彩,4
2016-02-01,台灣近代工業教育史,0
2016-02-01,看電影學法律,0
2016-02-01,民法概要,5
2016-02-01,西洋諺語與人際關係,12
2016-02-01,婚姻與家庭,12
2016-02-01,時間學,3
2016-02-01,地學通論,12
2016-02-01,健康與人生,1
2016-02-01,歌劇欣賞,9
2016-02-01,素描,6
2016-02-01,勞動法概要,2
2016-02-01,心理與人生,0
2016-02-01,醫學與生活,50
2016-02-01,資訊與生活,11
2016-02-01,氣象與生活,1
2016-02-01,資訊法律,4
2016-02-01,博雅選修課程-自然,1
2016-02-01,博雅選修課程-文化,1
2016-02-01,博雅選修課程-社會,0
2016-02-01,博雅選修課程-法治,0
2016-02-01,博雅選修課程-歷史,1
2016-02-01,博雅選修課程-哲學,1
2016-02-01,法國文化與歐盟,9
2016-02-01,當代社會問題探討,0
2016-02-01,中國美學,7
2016-02-01,膳食與生活,5
2016-02-01,光電科技簡介,20
2016-02-01,媒體與社會,6
2016-02-01,中國醫療文化史,14
2016-02-01,人際關係,6
2016-02-01,博雅講座,3
2016-02-01,台灣歌謠史,4
2016-02-01,口述歷史,8
2016-02-01,政治與生活,3
2016-02-01,兒童文學,3
2016-02-01,科技法律與倫理,1
2016-02-01,中國古典短篇小說,1
2016-02-01,茶與文學,1
2016-02-01,植物與糧食,2
2016-02-01,生態哲學概論,1
2016-02-01,經濟變遷與發展,0
2016-02-01,西洋藝術欣賞,3
2016-02-01,玉文化概述,0
2016-02-01,法律與生活,6
2016-02-01,刑法概要,0
2016-02-01,認識中國大陸,33
2016-02-01,影像與世界史,2
2016-02-01,佛學與人生,4
2016-02-01,環保概論,0
2016-02-01,綠色科技與生活,8
2016-02-01,藝術欣賞,3
2016-02-01,台灣社會與文化,0
2016-02-01,兩岸憲政體制概論,0
2016-02-01,戰後台灣史,4
2016-02-01,全球暖化,0
2016-02-01,勞動法,1
2016-02-01,生活環境與輻射,0
2016-02-01,勞工問題與勞資爭議,1
2016-02-01,二十世紀中國現代文學與文化建構,0
2016-02-01,社會哲學,2
2016-02-01,溝通管理,2
2016-02-01,著作權法,2
2016-02-01,環境與自然保育,0
2016-02-01,台灣歷史名著選讀,1
2016-02-01,宗教與人生,5
2016-02-01,台灣的歷史與古蹟,2
2016-02-01,網路法律問題探討,4
2016-02-01,投資學概論,16
2016-02-01,莊子的智慧,0
2016-02-01,先秦夢文學賞析,0
2016-02-01,中國哲學史,0
2016-02-01,邏輯推理與應用,16
2016-02-01,生態與環保,1
2016-02-01,全球化之衝突與共生,4
2016-02-01,台灣文學史,2
2016-02-01,台灣近代史事與人物,0
2016-02-01,歷史與人生,7
2016-02-01,志怪小說,1
2016-02-01,世界飲食史,1
2016-02-01,科學哲學,0
2016-02-01,兩岸關係與國際政治,2
2016-02-01,創業管理概論,12
2016-02-01,正向心理學,0
2016-02-01,創新與創業,3
2016-02-01,創新思考,2
2016-02-01,創業概論,6
2016-02-01,中國近代史,2
2016-02-01,創業計畫書撰寫,20
2016-02-01,宇宙探祕,2
2016-02-01,創業與財務概論,2
2016-02-01,新創事業與專利,2
2016-02-01,台灣科技發展史,2
2016-02-01,篆刻藝術欣賞與習作,0
2016-02-01,戰爭影像與戰爭史,0
2016-02-01,大中華經濟圈,3
2016-02-01,歷史與文物,2
2016-02-01,法國文化資產與紙設計創新研發,0
2016-02-01,博物館創新導覽研究與研發,19
2016-02-01,行政法,1
2016-02-01,生涯發展與選擇,5
2016-02-01,物聯網應用,1
2016-02-01,創業之品牌管理與行銷,3
2016-02-01,媒體、企業與政治,5
2016-02-01,攝影與社會,1
2016-02-01,從星座看恆星的演化,0
2016-02-01,法國文化與紙藝應用,3
2016-02-01,紙質與纖維創意,1
2016-09-01,文學概論,116
2016-09-01,藝術概論,54
2016-09-01,文化概論,209
2016-09-01,生命科學概論,5
2016-09-01,邏輯推理,2
2016-09-01,現代科技概論,12
2016-09-01,社會學概論,14
2016-09-01,現代管理學,35
2016-09-01,經濟學概論,20
2016-09-01,世界文明,110
2016-09-01,台灣史,90
2016-09-01,中國史,171
2016-09-01,憲法與人權,11
2016-09-01,法學概論,113
2016-09-01,智慧財產權,18
2016-09-01,哲學入門,27
2016-09-01,倫理學概論,19
2016-09-01,生命教育,23
2016-09-01,創意潛能激發,22
2016-09-01,科技史,5
2016-09-01,人生哲學,4
2016-09-01,國際關係,126
2016-09-01,兩性關係,24
2016-09-01,數學漫談,1
2016-09-01,音樂欣賞,38
2016-09-01,台灣民俗與信仰,10
2016-09-01,哲學心理學,9
2016-09-01,心理成長團體,0
2016-09-01,藥學與生活,4
2016-09-01,書法賞析,10
2016-09-01,古蹟欣賞入門,3
2016-09-01,水彩,4
2016-09-01,台灣近代工業教育史,0
2016-09-01,看電影學法律,0
2016-09-01,民法概要,5
2016-09-01,西洋諺語與人際關係,12
2016-09-01,婚姻與家庭,13
2016-09-01,時間學,3
2016-09-01,地學通論,12
2016-09-01,健康與人生,1
2016-09-01,歌劇欣賞,9
2016-09-01,素描,6
2016-09-01,勞動法概要,2
2016-09-01,心理與人生,0
2016-09-01,醫學與生活,54
2016-09-01,資訊與生活,11
2016-09-01,氣象與生活,1
2016-09-01,資訊法律,4
2016-09-01,博雅選修課程-自然,1
2016-09-01,博雅選修課程-文化,4
2016-09-01,博雅選修課程-社會,1
2016-09-01,博雅選修課程-法治,0
2016-09-01,博雅選修課程-歷史,1
2016-09-01,博雅選修課程-哲學,1
2016-09-01,法國文化與歐盟,9
2016-09-01,當代社會問題探討,0
2016-09-01,中國美學,7
2016-09-01,膳食與生活,6
2016-09-01,光電科技簡介,21
2016-09-01,媒體與社會,6
2016-09-01,中國醫療文化史,16
2016-09-01,人際關係,6
2016-09-01,博雅講座,3
2016-09-01,台灣歌謠史,4
2016-09-01,口述歷史,8
2016-09-01,政治與生活,4
2016-09-01,兒童文學,3
2016-09-01,科技法律與倫理,1
2016-09-01,中國古典短篇小說,1
2016-09-01,茶與文學,1
2016-09-01,植物與糧食,2
2016-09-01,生態哲學概論,1
2016-09-01,經濟變遷與發展,0
2016-09-01,西洋藝術欣賞,3
2016-09-01,玉文化概述,0
2016-09-01,法律與生活,6
2016-09-01,刑法概要,0
2016-09-01,認識中國大陸,33
2016-09-01,影像與世界史,2
2016-09-01,佛學與人生,4
2016-09-01,環保概論,0
2016-09-01,綠色科技與生活,8
2016-09-01,藝術欣賞,3
2016-09-01,台灣社會與文化,0
2016-09-01,兩岸憲政體制概論,0
2016-09-01,戰後台灣史,4
2016-09-01,全球暖化,0
2016-09-01,勞動法,1
2016-09-01,生活環境與輻射,0
2016-09-01,勞工問題與勞資爭議,1
2016-09-01,二十世紀中國現代文學與文化建構,0
2016-09-01,社會哲學,4
2016-09-01,溝通管理,4
2016-09-01,著作權法,3
2016-09-01,環境與自然保育,0
2016-09-01,台灣歷史名著選讀,1
2016-09-01,宗教與人生,6
2016-09-01,台灣的歷史與古蹟,2
2016-09-01,網路法律問題探討,4
2016-09-01,投資學概論,16
2016-09-01,莊子的智慧,0
2016-09-01,先秦夢文學賞析,0
2016-09-01,中國哲學史,0
2016-09-01,邏輯推理與應用,20
2016-09-01,生態與環保,1
2016-09-01,全球化之衝突與共生,4
2016-09-01,台灣文學史,2
2016-09-01,台灣近代史事與人物,0
2016-09-01,歷史與人生,8
2016-09-01,志怪小說,1
2016-09-01,世界飲食史,1
2016-09-01,科學哲學,0
2016-09-01,兩岸關係與國際政治,3
2016-09-01,創業管理概論,12
2016-09-01,正向心理學,0
2016-09-01,創新與創業,3
2016-09-01,創新思考,2
2016-09-01,創業概論,8
2016-09-01,中國近代史,2
2016-09-01,創業計畫書撰寫,21
2016-09-01,宇宙探祕,2
2016-09-01,創業與財務概論,5
2016-09-01,新創事業與專利,3
2016-09-01,台灣科技發展史,2
2016-09-01,篆刻藝術欣賞與習作,4
2016-09-01,戰爭影像與戰爭史,0
2016-09-01,大中華經濟圈,3
2016-09-01,歷史與文物,2
2016-09-01,法國文化資產與紙設計創新研發,0
2016-09-01,博物館創新導覽研究與研發,19
2016-09-01,行政法,1
2016-09-01,生涯發展與選擇,6
2016-09-01,物聯網應用,1
2016-09-01,創業之品牌管理與行銷,3
2016-09-01,媒體、企業與政治,5
2016-09-01,攝影與社會,1
2016-09-01,從星座看恆星的演化,0
2016-09-01,法國文化與紙藝應用,6
2016-09-01,紙質與纖維創意,3
2016-09-01,營養、運動與健康,0
2016-09-01,創業之消費者行為,0
2016-09-01,服務創新,0
2016-09-01,管弦樂漫談,0
2016-09-01,科技創新,0
2017-02-01,文學概論,117
2017-02-01,藝術概論,61
2017-02-01,文化概論,218
2017-02-01,生命科學概論,7
2017-02-01,邏輯推理,2
2017-02-01,現代科技概論,13
2017-02-01,社會學概論,25
2017-02-01,現代管理學,35
2017-02-01,經濟學概論,27
2017-02-01,世界文明,116
2017-02-01,台灣史,93
2017-02-01,中國史,188
2017-02-01,憲法與人權,11
2017-02-01,法學概論,119
2017-02-01,智慧財產權,19
2017-02-01,哲學入門,35
2017-02-01,倫理學概論,20
2017-02-01,生命教育,24
2017-02-01,創意潛能激發,23
2017-02-01,科技史,5
2017-02-01,人生哲學,4
2017-02-01,國際關係,138
2017-02-01,兩性關係,29
2017-02-01,數學漫談,1
2017-02-01,音樂欣賞,47
2017-02-01,台灣民俗與信仰,11
2017-02-01,哲學心理學,9
2017-02-01,心理成長團體,0
2017-02-01,藥學與生活,4
2017-02-01,書法賞析,11
2017-02-01,古蹟欣賞入門,3
2017-02-01,水彩,4
2017-02-01,台灣近代工業教育史,0
2017-02-01,看電影學法律,0
2017-02-01,民法概要,5
2017-02-01,西洋諺語與人際關係,12
2017-02-01,婚姻與家庭,16
2017-02-01,時間學,3
2017-02-01,地學通論,13
2017-02-01,健康與人生,1
2017-02-01,歌劇欣賞,9
2017-02-01,素描,6
2017-02-01,勞動法概要,2
2017-02-01,心理與人生,0
2017-02-01,醫學與生活,64
2017-02-01,資訊與生活,11
2017-02-01,氣象與生活,1
2017-02-01,資訊法律,4
2017-02-01,博雅選修課程-自然,3
2017-02-01,博雅選修課程-文化,4
2017-02-01,博雅選修課程-社會,1
2017-02-01,博雅選修課程-法治,0
2017-02-01,博雅選修課程-歷史,1
2017-02-01,博雅選修課程-哲學,1
2017-02-01,法國文化與歐盟,9
2017-02-01,當代社會問題探討,0
2017-02-01,中國美學,7
2017-02-01,膳食與生活,9
2017-02-01,光電科技簡介,21
2017-02-01,媒體與社會,6
2017-02-01,中國醫療文化史,21
2017-02-01,人際關係,6
2017-02-01,博雅講座,5
2017-02-01,台灣歌謠史,4
2017-02-01,口述歷史,8
2017-02-01,政治與生活,5
2017-02-01,兒童文學,3
2017-02-01,科技法律與倫理,1
2017-02-01,中國古典短篇小說,1
2017-02-01,茶與文學,1
2017-02-01,植物與糧食,6
2017-02-01,生態哲學概論,1
2017-02-01,經濟變遷與發展,0
2017-02-01,西洋藝術欣賞,3
2017-02-01,玉文化概述,0
2017-02-01,法律與生活,6
2017-02-01,刑法概要,0
2017-02-01,認識中國大陸,33
2017-02-01,影像與世界史,2
2017-02-01,佛學與人生,4
2017-02-01,環保概論,0
2017-02-01,綠色科技與生活,9
2017-02-01,藝術欣賞,4
2017-02-01,台灣社會與文化,0
2017-02-01,兩岸憲政體制概論,0
2017-02-01,戰後台灣史,4
2017-02-01,全球暖化,1
2017-02-01,勞動法,2
2017-02-01,生活環境與輻射,0
2017-02-01,勞工問題與勞資爭議,1
2017-02-01,二十世紀中國現代文學與文化建構,0
2017-02-01,社會哲學,4
2017-02-01,溝通管理,4
2017-02-01,著作權法,3
2017-02-01,環境與自然保育,0
2017-02-01,台灣歷史名著選讀,1
2017-02-01,宗教與人生,7
2017-02-01,台灣的歷史與古蹟,2
2017-02-01,網路法律問題探討,4
2017-02-01,投資學概論,16
2017-02-01,莊子的智慧,0
2017-02-01,先秦夢文學賞析,0
2017-02-01,中國哲學史,0
2017-02-01,邏輯推理與應用,41
2017-02-01,生態與環保,1
2017-02-01,全球化之衝突與共生,4
2017-02-01,台灣文學史,2
2017-02-01,台灣近代史事與人物,1
2017-02-01,歷史與人生,8
2017-02-01,志怪小說,1
2017-02-01,世界飲食史,1
2017-02-01,科學哲學,0
2017-02-01,兩岸關係與國際政治,3
2017-02-01,創業管理概論,12
2017-02-01,正向心理學,0
2017-02-01,創新與創業,5
2017-02-01,創新思考,2
2017-02-01,創業概論,8
2017-02-01,中國近代史,2
2017-02-01,創業計畫書撰寫,23
2017-02-01,宇宙探祕,5
2017-02-01,創業與財務概論,8
2017-02-01,新創事業與專利,6
2017-02-01,台灣科技發展史,2
2017-02-01,篆刻藝術欣賞與習作,9
2017-02-01,戰爭影像與戰爭史,0
2017-02-01,大中華經濟圈,6
2017-02-01,歷史與文物,2
2017-02-01,法國文化資產與紙設計創新研發,0
2017-02-01,博物館創新導覽研究與研發,19
2017-02-01,行政法,1
2017-02-01,生涯發展與選擇,6
2017-02-01,物聯網應用,1
2017-02-01,創業之品牌管理與行銷,3
2017-02-01,媒體、企業與政治,5
2017-02-01,攝影與社會,2
2017-02-01,從星座看恆星的演化,0
2017-02-01,法國文化與紙藝應用,6
2017-02-01,紙質與纖維創意,3
2017-02-01,營養、運動與健康,0
2017-02-01,創業之消費者行為,3
2017-02-01,服務創新,0
2017-02-01,管弦樂漫談,2
2017-02-01,科技創新,1
2017-02-01,台灣歷史與文化,1
2017-02-01,歷史名著選讀,2
2017-02-01,生活美學,3
2017-02-01,音樂概論,5
2017-02-01,社會心理學導論,10
2017-02-01,統計與生活,0
2017-02-01,勞動影像與當代台灣社會,2
2017-09-01,文學概論,117
2017-09-01,藝術概論,64
2017-09-01,文化概論,230
2017-09-01,生命科學概論,9
2017-09-01,邏輯推理,2
2017-09-01,現代科技概論,13
2017-09-01,社會學概論,31
2017-09-01,現代管理學,35
2017-09-01,經濟學概論,34
2017-09-01,世界文明,119
2017-09-01,台灣史,105
2017-09-01,中國史,209
2017-09-01,憲法與人權,11
2017-09-01,法學概論,126
2017-09-01,智慧財產權,22
2017-09-01,哲學入門,40
2017-09-01,倫理學概論,22
2017-09-01,生命教育,28
2017-09-01,創意潛能激發,23
2017-09-01,科技史,5
2017-09-01,人生哲學,4
2017-09-01,國際關係,151
2017-09-01,兩性關係,36
2017-09-01,數學漫談,1
2017-09-01,音樂欣賞,55
2017-09-01,台灣民俗與信仰,11
2017-09-01,哲學心理學,9
2017-09-01,心理成長團體,0
2017-09-01,藥學與生活,4
2017-09-01,書法賞析,11
2017-09-01,古蹟欣賞入門,3
2017-09-01,水彩,4
2017-09-01,台灣近代工業教育史,0
2017-09-01,看電影學法律,0
2017-09-01,民法概要,5
2017-09-01,西洋諺語與人際關係,12
2017-09-01,婚姻與家庭,17
2017-09-01,時間學,4
2017-09-01,地學通論,13
2017-09-01,健康與人生,1
2017-09-01,歌劇欣賞,9
2017-09-01,素描,6
2017-09-01,勞動法概要,2
2017-09-01,心理與人生,0
2017-09-01,醫學與生活,71
2017-09-01,資訊與生活,11
2017-09-01,氣象與生活,1
2017-09-01,資訊法律,5
2017-09-01,博雅選修課程-自然,3
2017-09-01,博雅選修課程-文化,5
2017-09-01,博雅選修課程-社會,1
2017-09-01,博雅選修課程-法治,0
2017-09-01,博雅選修課程-歷史,1
2017-09-01,博雅選修課程-哲學,1
2017-09-01,法國文化與歐盟,9
2017-09-01,當代社會問題探討,0
2017-09-01,中國美學,7
2017-09-01,膳食與生活,9
2017-09-01,光電科技簡介,21
2017-09-01,媒體與社會,6
2017-09-01,中國醫療文化史,22
2017-09-01,人際關係,6
2017-09-01,博雅講座,9
2017-09-01,台灣歌謠史,4
2017-09-01,口述歷史,8
2017-09-01,政治與生活,5
2017-09-01,兒童文學,3
2017-09-01,科技法律與倫理,1
2017-09-01,中國古典短篇小說,1
2017-09-01,茶與文學,1
2017-09-01,植物與糧食,6
2017-09-01,生態哲學概論,1
2017-09-01,經濟變遷與發展,0
2017-09-01,西洋藝術欣賞,3
2017-09-01,玉文化概述,0
2017-09-01,法律與生活,7
2017-09-01,刑法概要,0
2017-09-01,認識中國大陸,37
2017-09-01,影像與世界史,2
2017-09-01,佛學與人生,4
2017-09-01,環保概論,0
2017-09-01,綠色科技與生活,9
2017-09-01,藝術欣賞,4
2017-09-01,台灣社會與文化,0
2017-09-01,兩岸憲政體制概論,0
2017-09-01,戰後台灣史,4
2017-09-01,全球暖化,1
2017-09-01,勞動法,2
2017-09-01,生活環境與輻射,0
2017-09-01,勞工問題與勞資爭議,1
2017-09-01,二十世紀中國現代文學與文化建構,0
2017-09-01,社會哲學,4
2017-09-01,溝通管理,4
2017-09-01,著作權法,3
2017-09-01,環境與自然保育,0
2017-09-01,台灣歷史名著選讀,1
2017-09-01,宗教與人生,11
2017-09-01,台灣的歷史與古蹟,2
2017-09-01,網路法律問題探討,4
2017-09-01,投資學概論,16
2017-09-01,莊子的智慧,0
2017-09-01,先秦夢文學賞析,0
2017-09-01,中國哲學史,0
2017-09-01,邏輯推理與應用,48
2017-09-01,生態與環保,1
2017-09-01,全球化之衝突與共生,4
2017-09-01,台灣文學史,2
2017-09-01,台灣近代史事與人物,2
2017-09-01,歷史與人生,8
2017-09-01,志怪小說,1
2017-09-01,世界飲食史,1
2017-09-01,科學哲學,0
2017-09-01,兩岸關係與國際政治,7
2017-09-01,創業管理概論,12
2017-09-01,正向心理學,0
2017-09-01,創新與創業,9
2017-09-01,創新思考,3
2017-09-01,創業概論,9
2017-09-01,中國近代史,2
2017-09-01,創業計畫書撰寫,24
2017-09-01,宇宙探祕,5
2017-09-01,創業與財務概論,13
2017-09-01,新創事業與專利,7
2017-09-01,台灣科技發展史,2
2017-09-01,篆刻藝術欣賞與習作,9
2017-09-01,戰爭影像與戰爭史,0
2017-09-01,大中華經濟圈,6
2017-09-01,歷史與文物,2
2017-09-01,法國文化資產與紙設計創新研發,0
2017-09-01,博物館創新導覽研究與研發,19
2017-09-01,行政法,1
2017-09-01,生涯發展與選擇,8
2017-09-01,物聯網應用,1
2017-09-01,創業之品牌管理與行銷,5
2017-09-01,媒體、企業與政治,5
2017-09-01,攝影與社會,3
2017-09-01,從星座看恆星的演化,0
2017-09-01,法國文化與紙藝應用,6
2017-09-01,紙質與纖維創意,3
2017-09-01,營養、運動與健康,2
2017-09-01,創業之消費者行為,4
2017-09-01,服務創新,0
2017-09-01,管弦樂漫談,2
2017-09-01,科技創新,1
2017-09-01,台灣歷史與文化,2
2017-09-01,歷史名著選讀,10
2017-09-01,生活美學,7
2017-09-01,音樂概論,11
2017-09-01,社會心理學導論,18
2017-09-01,統計與生活,0
2017-09-01,勞動影像與當代台灣社會,2
2017-09-01,化學與生活,3
2017-09-01,中國古代的庶民生活,3
2017-09-01,電影與音樂,2
2017-09-01,健康促進與危急救護,0
2018-02-01,文學概論,117
2018-02-01,藝術概論,88
2018-02-01,文化概論,240
2018-02-01,生命科學概論,12
2018-02-01,邏輯推理,2
2018-02-01,現代科技概論,15
2018-02-01,社會學概論,43
2018-02-01,現代管理學,35
2018-02-01,經濟學概論,46
2018-02-01,世界文明,119
2018-02-01,台灣史,105
2018-02-01,中國史,209
2018-02-01,憲法與人權,11
2018-02-01,法學概論,141
2018-02-01,智慧財產權,25
2018-02-01,哲學入門,52
2018-02-01,倫理學概論,24
2018-02-01,生命教育,31
2018-02-01,創意潛能激發,23
2018-02-01,科技史,5
2018-02-01,人生哲學,4
2018-02-01,國際關係,164
2018-02-01,兩性關係,41
2018-02-01,數學漫談,1
2018-02-01,音樂欣賞,60
2018-02-01,台灣民俗與信仰,11
2018-02-01,哲學心理學,9
2018-02-01,心理成長團體,0
2018-02-01,藥學與生活,4
2018-02-01,書法賞析,11
2018-02-01,古蹟欣賞入門,3
2018-02-01,水彩,4
2018-02-01,台灣近代工業教育史,0
2018-02-01,看電影學法律,0
2018-02-01,民法概要,5
2018-02-01,西洋諺語與人際關係,12
2018-02-01,婚姻與家庭,17
2018-02-01,時間學,4
2018-02-01,地學通論,13
2018-02-01,健康與人生,1
2018-02-01,歌劇欣賞,9
2018-02-01,素描,6
2018-02-01,勞動法概要,2
2018-02-01,心理與人生,0
2018-02-01,醫學與生活,83
2018-02-01,資訊與生活,11
2018-02-01,氣象與生活,1
2018-02-01,資訊法律,5
2018-02-01,博雅選修課程-自然,3
2018-02-01,博雅選修課程-文化,5
2018-02-01,博雅選修課程-社會,1
2018-02-01,博雅選修課程-法治,0
2018-02-01,博雅選修課程-歷史,1
2018-02-01,博雅選修課程-哲學,1
2018-02-01,法國文化與歐盟,9
2018-02-01,當代社會問題探討,0
2018-02-01,中國美學,7
2018-02-01,膳食與生活,14
2018-02-01,光電科技簡介,22
2018-02-01,媒體與社會,6
2018-02-01,中國醫療文化史,22
2018-02-01,人際關係,6
2018-02-01,博雅講座,11
2018-02-01,台灣歌謠史,4
2018-02-01,口述歷史,8
2018-02-01,政治與生活,5
2018-02-01,兒童文學,3
2018-02-01,科技法律與倫理,1
2018-02-01,中國古典短篇小說,1
2018-02-01,茶與文學,1
2018-02-01,植物與糧食,7
2018-02-01,生態哲學概論,1
2018-02-01,經濟變遷與發展,0
2018-02-01,西洋藝術欣賞,3
2018-02-01,玉文化概述,0
2018-02-01,法律與生活,8
2018-02-01,刑法概要,0
2018-02-01,認識中國大陸,40
2018-02-01,影像與世界史,2
2018-02-01,佛學與人生,4
2018-02-01,環保概論,0
2018-02-01,綠色科技與生活,9
2018-02-01,藝術欣賞,4
2018-02-01,台灣社會與文化,0
2018-02-01,兩岸憲政體制概論,0
2018-02-01,戰後台灣史,4
2018-02-01,全球暖化,1
2018-02-01,勞動法,6
2018-02-01,生活環境與輻射,0
2018-02-01,勞工問題與勞資爭議,1
2018-02-01,二十世紀中國現代文學與文化建構,0
2018-02-01,社會哲學,4
2018-02-01,溝通管理,4
2018-02-01,著作權法,3
2018-02-01,環境與自然保育,0
2018-02-01,台灣歷史名著選讀,1
2018-02-01,宗教與人生,14
2018-02-01,台灣的歷史與古蹟,2
2018-02-01,網路法律問題探討,4
2018-02-01,投資學概論,16
2018-02-01,莊子的智慧,0
2018-02-01,先秦夢文學賞析,0
2018-02-01,中國哲學史,0
2018-02-01,邏輯推理與應用,58
2018-02-01,生態與環保,3
2018-02-01,全球化之衝突與共生,4
2018-02-01,台灣文學史,2
2018-02-01,台灣近代史事與人物,3
2018-02-01,歷史與人生,8
2018-02-01,志怪小說,1
2018-02-01,世界飲食史,1
2018-02-01,科學哲學,0
2018-02-01,兩岸關係與國際政治,7
2018-02-01,創業管理概論,12
2018-02-01,正向心理學,0
2018-02-01,創新與創業,15
2018-02-01,創新思考,3
2018-02-01,創業概論,9
2018-02-01,中國近代史,2
2018-02-01,創業計畫書撰寫,27
2018-02-01,宇宙探祕,5
2018-02-01,創業與財務概論,16
2018-02-01,新創事業與專利,7
2018-02-01,台灣科技發展史,2
2018-02-01,篆刻藝術欣賞與習作,9
2018-02-01,戰爭影像與戰爭史,1
2018-02-01,大中華經濟圈,6
2018-02-01,歷史與文物,2
2018-02-01,法國文化資產與紙設計創新研發,0
2018-02-01,博物館創新導覽研究與研發,19
2018-02-01,行政法,1
2018-02-01,生涯發展與選擇,8
2018-02-01,物聯網應用,1
2018-02-01,創業之品牌管理與行銷,5
2018-02-01,媒體、企業與政治,18
2018-02-01,攝影與社會,3
2018-02-01,從星座看恆星的演化,0
2018-02-01,法國文化與紙藝應用,6
2018-02-01,紙質與纖維創意,3
2018-02-01,營養、運動與健康,2
2018-02-01,創業之消費者行為,4
2018-02-01,服務創新,0
2018-02-01,管弦樂漫談,2
2018-02-01,科技創新,1
2018-02-01,台灣歷史與文化,9
2018-02-01,歷史名著選讀,23
2018-02-01,生活美學,7
2018-02-01,音樂概論,12
2018-02-01,社會心理學導論,27
2018-02-01,統計與生活,0
2018-02-01,勞動影像與當代台灣社會,5
2018-02-01,化學與生活,3
2018-02-01,中國古代的庶民生活,6
2018-02-01,電影與音樂,2
2018-02-01,健康促進與危急救護,1
2018-02-01,戲劇欣賞,6
2018-02-01,三國演義與中國文化,3
2018-02-01,台灣發展史,14
2018-09-01,文學概論,121
2018-09-01,藝術概論,91
2018-09-01,文化概論,245
2018-09-01,生命科學概論,14
2018-09-01,邏輯推理,2
2018-09-01,現代科技概論,15
2018-09-01,社會學概論,50
2018-09-01,現代管理學,35
2018-09-01,經濟學概論,62
2018-09-01,世界文明,119
2018-09-01,台灣史,105
2018-09-01,中國史,209
2018-09-01,憲法與人權,12
2018-09-01,法學概論,148
2018-09-01,智慧財產權,28
2018-09-01,哲學入門,64
2018-09-01,倫理學概論,25
2018-09-01,生命教育,32
2018-09-01,創意潛能激發,23
2018-09-01,科技史,5
2018-09-01,人生哲學,4
2018-09-01,國際關係,176
2018-09-01,兩性關係,47
2018-09-01,數學漫談,1
2018-09-01,音樂欣賞,70
2018-09-01,台灣民俗與信仰,11
2018-09-01,哲學心理學,9
2018-09-01,心理成長團體,0
2018-09-01,藥學與生活,4
2018-09-01,書法賞析,13
2018-09-01,古蹟欣賞入門,3
2018-09-01,水彩,4
2018-09-01,台灣近代工業教育史,0
2018-09-01,看電影學法律,0
2018-09-01,民法概要,5
2018-09-01,西洋諺語與人際關係,12
2018-09-01,婚姻與家庭,17
2018-09-01,時間學,4
2018-09-01,地學通論,13
2018-09-01,健康與人生,1
2018-09-01,歌劇欣賞,9
2018-09-01,素描,7
2018-09-01,勞動法概要,2
2018-09-01,心理與人生,0
2018-09-01,醫學與生活,92
2018-09-01,資訊與生活,11
2018-09-01,氣象與生活,1
2018-09-01,資訊法律,5
2018-09-01,博雅選修課程-自然,3
2018-09-01,博雅選修課程-文化,6
2018-09-01,博雅選修課程-社會,1
2018-09-01,博雅選修課程-法治,0
2018-09-01,博雅選修課程-歷史,2
2018-09-01,博雅選修課程-哲學,1
2018-09-01,法國文化與歐盟,9
2018-09-01,當代社會問題探討,0
2018-09-01,中國美學,7
2018-09-01,膳食與生活,15
2018-09-01,光電科技簡介,22
2018-09-01,媒體與社會,6
2018-09-01,中國醫療文化史,25
2018-09-01,人際關係,6
2018-09-01,博雅講座,23
2018-09-01,台灣歌謠史,4
2018-09-01,口述歷史,8
2018-09-01,政治與生活,5
2018-09-01,兒童文學,3
2018-09-01,科技法律與倫理,1
2018-09-01,中國古典短篇小說,1
2018-09-01,茶與文學,1
2018-09-01,植物與糧食,7
2018-09-01,生態哲學概論,1
2018-09-01,經濟變遷與發展,2
2018-09-01,西洋藝術欣賞,3
2018-09-01,玉文化概述,0
2018-09-01,法律與生活,8
2018-09-01,刑法概要,0
2018-09-01,認識中國大陸,44
2018-09-01,影像與世界史,2
2018-09-01,佛學與人生,4
2018-09-01,環保概論,0
2018-09-01,綠色科技與生活,9
2018-09-01,藝術欣賞,9
2018-09-01,台灣社會與文化,0
2018-09-01,兩岸憲政體制概論,0
2018-09-01,戰後台灣史,4
2018-09-01,全球暖化,1
2018-09-01,勞動法,6
2018-09-01,生活環境與輻射,0
2018-09-01,勞工問題與勞資爭議,1
2018-09-01,二十世紀中國現代文學與文化建構,0
2018-09-01,社會哲學,4
2018-09-01,溝通管理,4
2018-09-01,著作權法,3
2018-09-01,環境與自然保育,0
2018-09-01,台灣歷史名著選讀,1
2018-09-01,宗教與人生,16
2018-09-01,台灣的歷史與古蹟,4
2018-09-01,網路法律問題探討,4
2018-09-01,投資學概論,16
2018-09-01,莊子的智慧,0
2018-09-01,先秦夢文學賞析,0
2018-09-01,中國哲學史,0
2018-09-01,邏輯推理與應用,69
2018-09-01,生態與環保,4
2018-09-01,全球化之衝突與共生,4
2018-09-01,台灣文學史,2
2018-09-01,台灣近代史事與人物,3
2018-09-01,歷史與人生,8
2018-09-01,志怪小說,1
2018-09-01,世界飲食史,1
2018-09-01,科學哲學,0
2018-09-01,兩岸關係與國際政治,16
2018-09-01,創業管理概論,12
2018-09-01,正向心理學,0
2018-09-01,創新與創業,20
2018-09-01,創新思考,7
2018-09-01,創業概論,17
2018-09-01,中國近代史,5
2018-09-01,創業計畫書撰寫,29
2018-09-01,宇宙探祕,5
2018-09-01,創業與財務概論,25
2018-09-01,新創事業與專利,7
2018-09-01,台灣科技發展史,2
2018-09-01,篆刻藝術欣賞與習作,9
2018-09-01,戰爭影像與戰爭史,1
2018-09-01,大中華經濟圈,6
2018-09-01,歷史與文物,2
2018-09-01,法國文化資產與紙設計創新研發,0
2018-09-01,博物館創新導覽研究與研發,19
2018-09-01,行政法,1
2018-09-01,生涯發展與選擇,9
2018-09-01,物聯網應用,1
2018-09-01,創業之品牌管理與行銷,5
2018-09-01,媒體、企業與政治,18
2018-09-01,攝影與社會,4
2018-09-01,從星座看恆星的演化,0
2018-09-01,法國文化與紙藝應用,6
2018-09-01,紙質與纖維創意,3
2018-09-01,營養、運動與健康,2
2018-09-01,創業之消費者行為,4
2018-09-01,服務創新,1
2018-09-01,管弦樂漫談,2
2018-09-01,科技創新,1
2018-09-01,台灣歷史與文化,18
2018-09-01,歷史名著選讀,48
2018-09-01,生活美學,9
2018-09-01,音樂概論,13
2018-09-01,社會心理學導論,34
2018-09-01,統計與生活,0
2018-09-01,勞動影像與當代台灣社會,9
2018-09-01,化學與生活,3
2018-09-01,中國古代的庶民生活,6
2018-09-01,電影與音樂,2
2018-09-01,健康促進與危急救護,2
2018-09-01,戲劇欣賞,6
2018-09-01,三國演義與中國文化,3
2018-09-01,台灣發展史,23
2018-09-01,區塊鏈技術與應用,2
2018-09-01,解讀電影,2
2018-09-01,理財與生活,3
2018-09-01,生物哲學,4
2018-09-01,職場倫理,3
2019-02-01,文學概論,122
2019-02-01,藝術概論,98
2019-02-01,文化概論,250
2019-02-01,生命科學概論,17
2019-02-01,邏輯推理,2
2019-02-01,現代科技概論,15
2019-02-01,社會學概論,68
2019-02-01,現代管理學,35
2019-02-01,經濟學概論,75
2019-02-01,世界文明,119
2019-02-01,台灣史,105
2019-02-01,中國史,209
2019-02-01,憲法與人權,13
2019-02-01,法學概論,154
2019-02-01,智慧財產權,32
2019-02-01,哲學入門,78
2019-02-01,倫理學概論,32
2019-02-01,生命教育,35
2019-02-01,創意潛能激發,23
2019-02-01,科技史,5
2019-02-01,人生哲學,4
2019-02-01,國際關係,201
2019-02-01,兩性關係,48
2019-02-01,數學漫談,1
2019-02-01,音樂欣賞,76
2019-02-01,台灣民俗與信仰,11
2019-02-01,哲學心理學,9
2019-02-01,心理成長團體,0
2019-02-01,藥學與生活,4
2019-02-01,書法賞析,14
2019-02-01,古蹟欣賞入門,3
2019-02-01,水彩,4
2019-02-01,台灣近代工業教育史,0
2019-02-01,看電影學法律,0
2019-02-01,民法概要,5
2019-02-01,西洋諺語與人際關係,12
2019-02-01,婚姻與家庭,21
2019-02-01,時間學,4
2019-02-01,地學通論,13
2019-02-01,健康與人生,1
2019-02-01,歌劇欣賞,9
2019-02-01,素描,7
2019-02-01,勞動法概要,2
2019-02-01,心理與人生,0
2019-02-01,醫學與生活,101
2019-02-01,資訊與生活,12
2019-02-01,氣象與生活,1
2019-02-01,資訊法律,8
2019-02-01,博雅選修課程-自然,3
2019-02-01,博雅選修課程-文化,7
2019-02-01,博雅選修課程-社會,1
2019-02-01,博雅選修課程-法治,0
2019-02-01,博雅選修課程-歷史,2
2019-02-01,博雅選修課程-哲學,1
2019-02-01,法國文化與歐盟,9
2019-02-01,當代社會問題探討,0
2019-02-01,中國美學,7
2019-02-01,膳食與生活,16
2019-02-01,光電科技簡介,22
2019-02-01,媒體與社會,6
2019-02-01,中國醫療文化史,32
2019-02-01,人際關係,6
2019-02-01,博雅講座,25
2019-02-01,台灣歌謠史,4
2019-02-01,口述歷史,8
2019-02-01,政治與生活,6
2019-02-01,兒童文學,3
2019-02-01,科技法律與倫理,1
2019-02-01,中國古典短篇小說,1
2019-02-01,茶與文學,1
2019-02-01,植物與糧食,10
2019-02-01,生態哲學概論,1
2019-02-01,經濟變遷與發展,2
2019-02-01,西洋藝術欣賞,3
2019-02-01,玉文化概述,0
2019-02-01,法律與生活,8
2019-02-01,刑法概要,0
2019-02-01,認識中國大陸,44
2019-02-01,影像與世界史,2
2019-02-01,佛學與人生,4
2019-02-01,環保概論,0
2019-02-01,綠色科技與生活,9
2019-02-01,藝術欣賞,9
2019-02-01,台灣社會與文化,0
2019-02-01,兩岸憲政體制概論,0
2019-02-01,戰後台灣史,4
2019-02-01,全球暖化,1
2019-02-01,勞動法,6
2019-02-01,生活環境與輻射,0
2019-02-01,勞工問題與勞資爭議,1
2019-02-01,二十世紀中國現代文學與文化建構,0
2019-02-01,社會哲學,4
2019-02-01,溝通管理,4
2019-02-01,著作權法,3
2019-02-01,環境與自然保育,0
2019-02-01,台灣歷史名著選讀,1
2019-02-01,宗教與人生,16
2019-02-01,台灣的歷史與古蹟,4
2019-02-01,網路法律問題探討,4
2019-02-01,投資學概論,16
2019-02-01,莊子的智慧,0
2019-02-01,先秦夢文學賞析,0
2019-02-01,中國哲學史,0
2019-02-01,邏輯推理與應用,78
2019-02-01,生態與環保,5
2019-02-01,全球化之衝突與共生,4
2019-02-01,台灣文學史,2
2019-02-01,台灣近代史事與人物,3
2019-02-01,歷史與人生,8
2019-02-01,志怪小說,1
2019-02-01,世界飲食史,1
2019-02-01,科學哲學,0
2019-02-01,兩岸關係與國際政治,16
2019-02-01,創業管理概論,12
2019-02-01,正向心理學,0
2019-02-01,創新與創業,25
2019-02-01,創新思考,12
2019-02-01,創業概論,21
2019-02-01,中國近代史,5
2019-02-01,創業計畫書撰寫,32
2019-02-01,宇宙探祕,5
2019-02-01,創業與財務概論,27
2019-02-01,新創事業與專利,7
2019-02-01,台灣科技發展史,2
2019-02-01,篆刻藝術欣賞與習作,9
2019-02-01,戰爭影像與戰爭史,2
2019-02-01,大中華經濟圈,10
2019-02-01,歷史與文物,2
2019-02-01,法國文化資產與紙設計創新研發,0
2019-02-01,博物館創新導覽研究與研發,19
2019-02-01,行政法,1
2019-02-01,生涯發展與選擇,9
2019-02-01,物聯網應用,1
2019-02-01,創業之品牌管理與行銷,9
2019-02-01,媒體、企業與政治,18
2019-02-01,攝影與社會,5
2019-02-01,從星座看恆星的演化,0
2019-02-01,法國文化與紙藝應用,6
2019-02-01,紙質與纖維創意,3
2019-02-01,營養、運動與健康,2
2019-02-01,創業之消費者行為,4
2019-02-01,服務創新,1
2019-02-01,管弦樂漫談,2
2019-02-01,科技創新,1
2019-02-01,台灣歷史與文化,31
2019-02-01,歷史名著選讀,60
2019-02-01,生活美學,11
2019-02-01,音樂概論,16
2019-02-01,社會心理學導論,44
2019-02-01,統計與生活,0
2019-02-01,勞動影像與當代台灣社會,9
2019-02-01,化學與生活,3
2019-02-01,中國古代的庶民生活,8
2019-02-01,電影與音樂,2
2019-02-01,健康促進與危急救護,2
2019-02-01,戲劇欣賞,6
2019-02-01,三國演義與中國文化,3
2019-02-01,台灣發展史,23
2019-02-01,區塊鏈技術與應用,2
2019-02-01,解讀電影,2
2019-02-01,理財與生活,3
2019-02-01,生物哲學,5
2019-02-01,職場倫理,4
2019-02-01,人工智慧概論,2
2019-02-01,Python程式設計概論與應用,13
2019-02-01,APP 設計入門與應用,3
2019-09-01,文學概論,124
2019-09-01,藝術概論,99
2019-09-01,文化概論,260
2019-09-01,生命科學概論,21
2019-09-01,邏輯推理,2
2019-09-01,現代科技概論,16
2019-09-01,社會學概論,89
2019-09-01,現代管理學,35
2019-09-01,經濟學概論,79
2019-09-01,世界文明,119
2019-09-01,台灣史,105
2019-09-01,中國史,209
2019-09-01,憲法與人權,13
2019-09-01,法學概論,157
2019-09-01,智慧財產權,39
2019-09-01,哲學入門,86
2019-09-01,倫理學概論,37
2019-09-01,生命教育,35
2019-09-01,創意潛能激發,23
2019-09-01,科技史,5
2019-09-01,人生哲學,4
2019-09-01,國際關係,210
2019-09-01,兩性關係,49
2019-09-01,數學漫談,1
2019-09-01,音樂欣賞,88
2019-09-01,台灣民俗與信仰,11
2019-09-01,哲學心理學,9
2019-09-01,心理成長團體,0
2019-09-01,藥學與生活,4
2019-09-01,書法賞析,14
2019-09-01,古蹟欣賞入門,3
2019-09-01,水彩,4
2019-09-01,台灣近代工業教育史,0
2019-09-01,看電影學法律,0
2019-09-01,民法概要,5
2019-09-01,西洋諺語與人際關係,12
2019-09-01,婚姻與家庭,26
2019-09-01,時間學,5
2019-09-01,地學通論,13
2019-09-01,健康與人生,1
2019-09-01,歌劇欣賞,9
2019-09-01,素描,7
2019-09-01,勞動法概要,2
2019-09-01,心理與人生,0
2019-09-01,醫學與生活,112
2019-09-01,資訊與生活,12
2019-09-01,氣象與生活,1
2019-09-01,資訊法律,9
2019-09-01,博雅選修課程-自然,4
2019-09-01,博雅選修課程-文化,7
2019-09-01,博雅選修課程-社會,1
2019-09-01,博雅選修課程-法治,0
2019-09-01,博雅選修課程-歷史,2
2019-09-01,博雅選修課程-哲學,1
2019-09-01,法國文化與歐盟,9
2019-09-01,當代社會問題探討,0
2019-09-01,中國美學,7
2019-09-01,膳食與生活,16
2019-09-01,光電科技簡介,22
2019-09-01,媒體與社會,6
2019-09-01,中國醫療文化史,33
2019-09-01,人際關係,6
2019-09-01,博雅講座,28
2019-09-01,台灣歌謠史,4
2019-09-01,口述歷史,8
2019-09-01,政治與生活,6
2019-09-01,兒童文學,3
2019-09-01,科技法律與倫理,1
2019-09-01,中國古典短篇小說,1
2019-09-01,茶與文學,1
2019-09-01,植物與糧食,11
2019-09-01,生態哲學概論,1
2019-09-01,經濟變遷與發展,6
2019-09-01,西洋藝術欣賞,3
2019-09-01,玉文化概述,0
2019-09-01,法律與生活,8
2019-09-01,刑法概要,0
2019-09-01,認識中國大陸,47
2019-09-01,影像與世界史,5
2019-09-01,佛學與人生,4
2019-09-01,環保概論,0
2019-09-01,綠色科技與生活,9
2019-09-01,藝術欣賞,13
2019-09-01,台灣社會與文化,1
2019-09-01,兩岸憲政體制概論,0
2019-09-01,戰後台灣史,4
2019-09-01,全球暖化,1
2019-09-01,勞動法,7
2019-09-01,生活環境與輻射,0
2019-09-01,勞工問題與勞資爭議,1
2019-09-01,二十世紀中國現代文學與文化建構,0
2019-09-01,社會哲學,4
2019-09-01,溝通管理,4
2019-09-01,著作權法,3
2019-09-01,環境與自然保育,0
2019-09-01,台灣歷史名著選讀,1
2019-09-01,宗教與人生,16
2019-09-01,台灣的歷史與古蹟,4
2019-09-01,網路法律問題探討,4
2019-09-01,投資學概論,16
2019-09-01,莊子的智慧,0
2019-09-01,先秦夢文學賞析,2
2019-09-01,中國哲學史,0
2019-09-01,邏輯推理與應用,84
2019-09-01,生態與環保,5
2019-09-01,全球化之衝突與共生,4
2019-09-01,台灣文學史,2
2019-09-01,台灣近代史事與人物,3
2019-09-01,歷史與人生,8
2019-09-01,志怪小說,1
2019-09-01,世界飲食史,1
2019-09-01,科學哲學,0
2019-09-01,兩岸關係與國際政治,26
2019-09-01,創業管理概論,12
2019-09-01,正向心理學,0
2019-09-01,創新與創業,31
2019-09-01,創新思考,19
2019-09-01,創業概論,23
2019-09-01,中國近代史,5
2019-09-01,創業計畫書撰寫,32
2019-09-01,宇宙探祕,5
2019-09-01,創業與財務概論,33
2019-09-01,新創事業與專利,7
2019-09-01,台灣科技發展史,2
2019-09-01,篆刻藝術欣賞與習作,9
2019-09-01,戰爭影像與戰爭史,3
2019-09-01,大中華經濟圈,10
2019-09-01,歷史與文物,2
2019-09-01,法國文化資產與紙設計創新研發,0
2019-09-01,博物館創新導覽研究與研發,19
2019-09-01,行政法,1
2019-09-01,生涯發展與選擇,10
2019-09-01,物聯網應用,1
2019-09-01,創業之品牌管理與行銷,9
2019-09-01,媒體、企業與政治,18
2019-09-01,攝影與社會,5
2019-09-01,從星座看恆星的演化,0
2019-09-01,法國文化與紙藝應用,6
2019-09-01,紙質與纖維創意,3
2019-09-01,營養、運動與健康,4
2019-09-01,創業之消費者行為,4
2019-09-01,服務創新,1
2019-09-01,管弦樂漫談,2
2019-09-01,科技創新,1
2019-09-01,台灣歷史與文化,43
2019-09-01,歷史名著選讀,68
2019-09-01,生活美學,16
2019-09-01,音樂概論,21
2019-09-01,社會心理學導論,52
2019-09-01,統計與生活,0
2019-09-01,勞動影像與當代台灣社會,9
2019-09-01,化學與生活,3
2019-09-01,中國古代的庶民生活,10
2019-09-01,電影與音樂,2
2019-09-01,健康促進與危急救護,3
2019-09-01,戲劇欣賞,6
2019-09-01,三國演義與中國文化,3
2019-09-01,台灣發展史,23
2019-09-01,區塊鏈技術與應用,2
2019-09-01,解讀電影,2
2019-09-01,理財與生活,3
2019-09-01,生物哲學,8
2019-09-01,職場倫理,4
2019-09-01,人工智慧概論,6
2019-09-01,Python程式設計概論與應用,19
2019-09-01,APP 設計入門與應用,11
2019-09-01,現代歷史人物評析,3
2019-09-01,創業與國際貿易,1
2019-09-01,愛情與文學,2
2020-02-01,文學概論,127
2020-02-01,藝術概論,101
2020-02-01,文化概論,264
2020-02-01,生命科學概論,24
2020-02-01,邏輯推理,2
2020-02-01,現代科技概論,17
2020-02-01,社會學概論,115
2020-02-01,現代管理學,35
2020-02-01,經濟學概論,84
2020-02-01,世界文明,119
2020-02-01,台灣史,105
2020-02-01,中國史,209
2020-02-01,憲法與人權,14
2020-02-01,法學概論,160
2020-02-01,智慧財產權,43
2020-02-01,哲學入門,104
2020-02-01,倫理學概論,39
2020-02-01,生命教育,36
2020-02-01,創意潛能激發,23
2020-02-01,科技史,5
2020-02-01,人生哲學,4
2020-02-01,國際關係,225
2020-02-01,兩性關係,50
2020-02-01,數學漫談,1
2020-02-01,音樂欣賞,98
2020-02-01,台灣民俗與信仰,11
2020-02-01,哲學心理學,9
2020-02-01,心理成長團體,3
2020-02-01,藥學與生活,4
2020-02-01,書法賞析,15
2020-02-01,古蹟欣賞入門,3
2020-02-01,水彩,4
2020-02-01,台灣近代工業教育史,0
2020-02-01,看電影學法律,0
2020-02-01,民法概要,8
2020-02-01,西洋諺語與人際關係,12
2020-02-01,婚姻與家庭,28
2020-02-01,時間學,8
2020-02-01,地學通論,13
2020-02-01,健康與人生,1
2020-02-01,歌劇欣賞,9
2020-02-01,素描,8
2020-02-01,勞動法概要,2
2020-02-01,心理與人生,0
2020-02-01,醫學與生活,118
2020-02-01,資訊與生活,12
2020-02-01,氣象與生活,1
2020-02-01,資訊法律,9
2020-02-01,博雅選修課程-自然,4
2020-02-01,博雅選修課程-文化,7
2020-02-01,博雅選修課程-社會,1
2020-02-01,博雅選修課程-法治,0
2020-02-01,博雅選修課程-歷史,2
2020-02-01,博雅選修課程-哲學,1
2020-02-01,法國文化與歐盟,12
2020-02-01,當代社會問題探討,2
2020-02-01,中國美學,7
2020-02-01,膳食與生活,16
2020-02-01,光電科技簡介,22
2020-02-01,媒體與社會,6
2020-02-01,中國醫療文化史,37
2020-02-01,人際關係,6
2020-02-01,博雅講座,28
2020-02-01,台灣歌謠史,4
2020-02-01,口述歷史,8
2020-02-01,政治與生活,6
2020-02-01,兒童文學,3
2020-02-01,科技法律與倫理,1
2020-02-01,中國古典短篇小說,1
2020-02-01,茶與文學,1
2020-02-01,植物與糧食,12
2020-02-01,生態哲學概論,1
2020-02-01,經濟變遷與發展,10
2020-02-01,西洋藝術欣賞,3
2020-02-01,玉文化概述,0
2020-02-01,法律與生活,8
2020-02-01,刑法概要,0
2020-02-01,認識中國大陸,47
2020-02-01,影像與世界史,5
2020-02-01,佛學與人生,4
2020-02-01,環保概論,0
2020-02-01,綠色科技與生活,9
2020-02-01,藝術欣賞,17
2020-02-01,台灣社會與文化,1
2020-02-01,兩岸憲政體制概論,0
2020-02-01,戰後台灣史,4
2020-02-01,全球暖化,1
2020-02-01,勞動法,7
2020-02-01,生活環境與輻射,0
2020-02-01,勞工問題與勞資爭議,1
2020-02-01,二十世紀中國現代文學與文化建構,0
2020-02-01,社會哲學,4
2020-02-01,溝通管理,4
2020-02-01,著作權法,3
2020-02-01,環境與自然保育,0
2020-02-01,台灣歷史名著選讀,1
2020-02-01,宗教與人生,17
2020-02-01,台灣的歷史與古蹟,4
2020-02-01,網路法律問題探討,4
2020-02-01,投資學概論,16
2020-02-01,莊子的智慧,0
2020-02-01,先秦夢文學賞析,2
2020-02-01,中國哲學史,0
2020-02-01,邏輯推理與應用,93
2020-02-01,生態與環保,8
2020-02-01,全球化之衝突與共生,4
2020-02-01,台灣文學史,2
2020-02-01,台灣近代史事與人物,6
2020-02-01,歷史與人生,8
2020-02-01,志怪小說,1
2020-02-01,世界飲食史,1
2020-02-01,科學哲學,0
2020-02-01,兩岸關係與國際政治,26
2020-02-01,創業管理概論,12
2020-02-01,正向心理學,0
2020-02-01,創新與創業,34
2020-02-01,創新思考,25
2020-02-01,創業概論,27
2020-02-01,中國近代史,5
2020-02-01,創業計畫書撰寫,36
2020-02-01,宇宙探祕,5
2020-02-01,創業與財務概論,39
2020-02-01,新創事業與專利,7
2020-02-01,台灣科技發展史,4
2020-02-01,篆刻藝術欣賞與習作,9
2020-02-01,戰爭影像與戰爭史,3
2020-02-01,大中華經濟圈,10
2020-02-01,歷史與文物,2
2020-02-01,法國文化資產與紙設計創新研發,0
2020-02-01,博物館創新導覽研究與研發,19
2020-02-01,行政法,1
2020-02-01,生涯發展與選擇,10
2020-02-01,物聯網應用,1
2020-02-01,創業之品牌管理與行銷,9
2020-02-01,媒體、企業與政治,23
2020-02-01,攝影與社會,5
2020-02-01,從星座看恆星的演化,0
2020-02-01,法國文化與紙藝應用,6
2020-02-01,紙質與纖維創意,3
2020-02-01,營養、運動與健康,5
2020-02-01,創業之消費者行為,4
2020-02-01,服務創新,1
2020-02-01,管弦樂漫談,2
2020-02-01,科技創新,1
2020-02-01,台灣歷史與文化,48
2020-02-01,歷史名著選讀,73
2020-02-01,生活美學,16
2020-02-01,音樂概論,22
2020-02-01,社會心理學導論,65
2020-02-01,統計與生活,0
2020-02-01,勞動影像與當代台灣社會,9
2020-02-01,化學與生活,3
2020-02-01,中國古代的庶民生活,12
2020-02-01,電影與音樂,2
2020-02-01,健康促進與危急救護,4
2020-02-01,戲劇欣賞,6
2020-02-01,三國演義與中國文化,3
2020-02-01,台灣發展史,23
2020-02-01,區塊鏈技術與應用,2
2020-02-01,解讀電影,2
2020-02-01,理財與生活,3
2020-02-01,生物哲學,12
2020-02-01,職場倫理,4
2020-02-01,人工智慧概論,6
2020-02-01,Python程式設計概論與應用,20
2020-02-01,APP 設計入門與應用,14
2020-02-01,現代歷史人物評析,9
2020-02-01,創業與國際貿易,1
2020-02-01,愛情與文學,2
2020-09-01,文學概論,127
2020-09-01,藝術概論,101
2020-09-01,文化概論,265
2020-09-01,生命科學概論,30
2020-09-01,邏輯推理,2
2020-09-01,現代科技概論,18
2020-09-01,社會學概論,131
2020-09-01,現代管理學,35
2020-09-01,經濟學概論,88
2020-09-01,世界文明,119
2020-09-01,台灣史,105
2020-09-01,中國史,209
2020-09-01,憲法與人權,14
2020-09-01,法學概論,162
2020-09-01,智慧財產權,44
2020-09-01,哲學入門,110
2020-09-01,倫理學概論,43
2020-09-01,生命教育,39
2020-09-01,創意潛能激發,23
2020-09-01,科技史,5
2020-09-01,人生哲學,4
2020-09-01,國際關係,232
2020-09-01,兩性關係,54
2020-09-01,數學漫談,1
2020-09-01,音樂欣賞,106
2020-09-01,台灣民俗與信仰,11
2020-09-01,哲學心理學,9
2020-09-01,心理成長團體,5
2020-09-01,藥學與生活,4
2020-09-01,書法賞析,15
2020-09-01,古蹟欣賞入門,3
2020-09-01,水彩,4
2020-09-01,台灣近代工業教育史,0
2020-09-01,看電影學法律,0
2020-09-01,民法概要,12
2020-09-01,西洋諺語與人際關係,12
2020-09-01,婚姻與家庭,39
2020-09-01,時間學,9
2020-09-01,地學通論,13
2020-09-01,健康與人生,1
2020-09-01,歌劇欣賞,9
2020-09-01,素描,9
2020-09-01,勞動法概要,2
2020-09-01,心理與人生,0
2020-09-01,醫學與生活,124
2020-09-01,資訊與生活,12
2020-09-01,氣象與生活,1
2020-09-01,資訊法律,11
2020-09-01,博雅選修課程-自然,4
2020-09-01,博雅選修課程-文化,7
2020-09-01,博雅選修課程-社會,1
2020-09-01,博雅選修課程-法治,0
2020-09-01,博雅選修課程-歷史,2
2020-09-01,博雅選修課程-哲學,1
2020-09-01,法國文化與歐盟,12
2020-09-01,當代社會問題探討,2
2020-09-01,中國美學,7
2020-09-01,膳食與生活,18
2020-09-01,光電科技簡介,22
2020-09-01,媒體與社會,6
2020-09-01,中國醫療文化史,37
2020-09-01,人際關係,7
2020-09-01,博雅講座,28
2020-09-01,台灣歌謠史,4
2020-09-01,口述歷史,8
2020-09-01,政治與生活,6
2020-09-01,兒童文學,3
2020-09-01,科技法律與倫理,1
2020-09-01,中國古典短篇小說,3
2020-09-01,茶與文學,1
2020-09-01,植物與糧食,12
2020-09-01,生態哲學概論,1
2020-09-01,經濟變遷與發展,10
2020-09-01,西洋藝術欣賞,3
2020-09-01,玉文化概述,0
2020-09-01,法律與生活,8
2020-09-01,刑法概要,0
2020-09-01,認識中國大陸,49
2020-09-01,影像與世界史,5
2020-09-01,佛學與人生,4
2020-09-01,環保概論,0
2020-09-01,綠色科技與生活,9
2020-09-01,藝術欣賞,18
2020-09-01,台灣社會與文化,1
2020-09-01,兩岸憲政體制概論,0
2020-09-01,戰後台灣史,4
2020-09-01,全球暖化,1
2020-09-01,勞動法,7
2020-09-01,生活環境與輻射,0
2020-09-01,勞工問題與勞資爭議,1
2020-09-01,二十世紀中國現代文學與文化建構,0
2020-09-01,社會哲學,5
2020-09-01,溝通管理,4
2020-09-01,著作權法,3
2020-09-01,環境與自然保育,0
2020-09-01,台灣歷史名著選讀,1
2020-09-01,宗教與人生,17
2020-09-01,台灣的歷史與古蹟,4
2020-09-01,網路法律問題探討,4
2020-09-01,投資學概論,16
2020-09-01,莊子的智慧,0
2020-09-01,先秦夢文學賞析,2
2020-09-01,中國哲學史,0
2020-09-01,邏輯推理與應用,96
2020-09-01,生態與環保,14
2020-09-01,全球化之衝突與共生,4
2020-09-01,台灣文學史,2
2020-09-01,台灣近代史事與人物,6
2020-09-01,歷史與人生,10
2020-09-01,志怪小說,1
2020-09-01,世界飲食史,1
2020-09-01,科學哲學,0
2020-09-01,兩岸關係與國際政治,31
2020-09-01,創業管理概論,12
2020-09-01,正向心理學,0
2020-09-01,創新與創業,40
2020-09-01,創新思考,34
2020-09-01,創業概論,32
2020-09-01,中國近代史,5
2020-09-01,創業計畫書撰寫,37
2020-09-01,宇宙探祕,5
2020-09-01,創業與財務概論,50
2020-09-01,新創事業與專利,7
2020-09-01,台灣科技發展史,4
2020-09-01,篆刻藝術欣賞與習作,9
2020-09-01,戰爭影像與戰爭史,4
2020-09-01,大中華經濟圈,10
2020-09-01,歷史與文物,2
2020-09-01,法國文化資產與紙設計創新研發,0
2020-09-01,博物館創新導覽研究與研發,19
2020-09-01,行政法,1
2020-09-01,生涯發展與選擇,10
2020-09-01,物聯網應用,1
2020-09-01,創業之品牌管理與行銷,9
2020-09-01,媒體、企業與政治,23
2020-09-01,攝影與社會,6
2020-09-01,從星座看恆星的演化,0
2020-09-01,法國文化與紙藝應用,6
2020-09-01,紙質與纖維創意,3
2020-09-01,營養、運動與健康,5
2020-09-01,創業之消費者行為,4
2020-09-01,服務創新,1
2020-09-01,管弦樂漫談,2
2020-09-01,科技創新,1
2020-09-01,台灣歷史與文化,58
2020-09-01,歷史名著選讀,85
2020-09-01,生活美學,19
2020-09-01,音樂概論,28
2020-09-01,社會心理學導論,87
2020-09-01,統計與生活,0
2020-09-01,勞動影像與當代台灣社會,11
2020-09-01,化學與生活,3
2020-09-01,中國古代的庶民生活,12
2020-09-01,電影與音樂,2
2020-09-01,健康促進與危急救護,4
2020-09-01,戲劇欣賞,6
2020-09-01,三國演義與中國文化,3
2020-09-01,台灣發展史,23
2020-09-01,區塊鏈技術與應用,2
2020-09-01,解讀電影,2
2020-09-01,理財與生活,3
2020-09-01,生物哲學,12
2020-09-01,職場倫理,4
2020-09-01,人工智慧概論,6
2020-09-01,Python程式設計概論與應用,21
2020-09-01,APP 設計入門與應用,19
2020-09-01,現代歷史人物評析,9
2020-09-01,創業與國際貿易,5
2020-09-01,愛情與文學,2
2020-09-01,領導概論,0
2020-09-01,人與自然,0
2020-09-01,哲學概論,0
2020-09-01,文學與人生,0
2020-09-01,臺灣音樂與文化,0
2020-09-01,生物多樣性,0
2020-09-01,精神健康促進,0
2020-09-01,精神醫學與現代生活,0
2020-09-01,世界地理,0
2020-09-01,淺談地震,0
2020-09-01,流行病學與健康生活,0
2020-09-01,家庭與醫學,0
2020-09-01,時代與歷史,0
2020-09-01,世界音樂與多元文化,0
2020-09-01,居家環境與風水文化,0
2020-09-01,電影理論與賞析,0
2020-09-01,海山地區的人文與藝術,0
2020-09-01,西洋建築之美賞析,0
2020-09-01,絲綢之路與西域藝術文物,0
2020-09-01,西方音樂的軌跡,0
2020-09-01,都市地理與地方創生,0
2020-09-01,近代中國城市的休閒生活與文化,0
2020-09-01,中國近代社會生活史,0
2020-09-01,臺灣地景與文化導覽,0
2020-09-01,現代藝術與美學,0
2020-09-01,日本傳統社會的發展,0
2020-09-01,文化、景觀與地理,0
2020-09-01,政治與現代社會,0
2020-09-01,公共議題之經濟分析,0
2020-09-01,公共空間與集體記憶,1
2020-09-01,多元文化與社會正義,0
2020-09-01,就業安全政策,0
2020-09-01,消費者保護法與現代社會,0
2020-09-01,中華民國憲法,0
2020-09-01,科技與法律,0
2020-09-01,職場災害與防治,0
2020-09-01,金融科技創新與應用,0
2020-09-01,Excel之統計資料分析,0
2020-09-01,歐洲聯盟：跨國法律與政策,0
2020-09-01,音樂及音樂作品欣賞,0
2020-09-01,音樂藝術與人文,0
2020-09-01,合唱,0
2020-09-01,城市的歷史記憶,0
2020-09-01,貨幣與文明,0
2020-09-01,創意學,0
2020-09-01,發現臺北,0
2020-09-01,新生專題-歷史的設計思考,0
2020-09-01,設計導論,0
2020-09-01,資訊行為導論,0
2020-09-01,解讀健康科學資訊,0
2020-09-01,媒體識讀,0
2020-09-01,《金瓶梅》與情愛關係探討,0
2020-09-01,社區發展與生活法律,0
2020-09-01,電影中的政治經濟學,0
2020-09-01,《資本論》導讀,0
2020-09-01,性別文化與中國電影,0
2020-09-01,韓國的性別意識與文化變遷,0
2020-09-01,中國文化史,0
2020-09-01,中國社會史,0
2020-09-01,海洋環境體驗與影視創作,0
2020-09-01,日本文化,0
2020-09-01,台灣文化史,0
2020-09-01,電影詮釋與文化研究,0
2020-09-01,臺灣近代歷史人物與事件,0
2020-09-01,氣象與氣候變遷,0
2020-09-01,海洋科技導覽解說與實習,0
2020-09-01,海洋能源環境科學概論,0
2020-09-01,海洋資源的開發與保育,0
2020-09-01,專案管理實務,0
2020-09-01,問題分析與解決方法,0
2020-09-01,從現代世界體系到全球化,0
2020-09-01,民主政治與人權,0
2020-09-01,海洋社會科學概論,0
2020-09-01,戰爭、武器、流亡詩人與全球公民,0
2020-09-01,物聯網實務應用,0
2020-09-01,創業育成實務,0
2020-09-01,地方創生與智慧科技,0
2021-02-01,文學概論,127
2021-02-01,藝術概論,102
2021-02-01,文化概論,267
2021-02-01,生命科學概論,33
2021-02-01,邏輯推理,2
2021-02-01,現代科技概論,18
2021-02-01,社會學概論,149
2021-02-01,現代管理學,35
2021-02-01,經濟學概論,92
2021-02-01,世界文明,119
2021-02-01,台灣史,105
2021-02-01,中國史,209
2021-02-01,憲法與人權,17
2021-02-01,法學概論,165
2021-02-01,智慧財產權,44
2021-02-01,哲學入門,115
2021-02-01,倫理學概論,45
2021-02-01,生命教育,43
2021-02-01,創意潛能激發,23
2021-02-01,科技史,5
2021-02-01,人生哲學,13
2021-02-01,國際關係,244
2021-02-01,兩性關係,54
2021-02-01,數學漫談,1
2021-02-01,音樂欣賞,112
2021-02-01,台灣民俗與信仰,11
2021-02-01,哲學心理學,9
2021-02-01,心理成長團體,7
2021-02-01,藥學與生活,4
2021-02-01,書法賞析,18
2021-02-01,古蹟欣賞入門,3
2021-02-01,水彩,4
2021-02-01,台灣近代工業教育史,0
2021-02-01,看電影學法律,0
2021-02-01,民法概要,12
2021-02-01,西洋諺語與人際關係,12
2021-02-01,婚姻與家庭,52
2021-02-01,時間學,9
2021-02-01,地學通論,13
2021-02-01,健康與人生,1
2021-02-01,歌劇欣賞,10
2021-02-01,素描,9
2021-02-01,勞動法概要,2
2021-02-01,心理與人生,3
2021-02-01,醫學與生活,149
2021-02-01,資訊與生活,12
2021-02-01,氣象與生活,1
2021-02-01,資訊法律,12
2021-02-01,博雅選修課程-自然,4
2021-02-01,博雅選修課程-文化,7
2021-02-01,博雅選修課程-社會,1
2021-02-01,博雅選修課程-法治,0
2021-02-01,博雅選修課程-歷史,2
2021-02-01,博雅選修課程-哲學,1
2021-02-01,法國文化與歐盟,12
2021-02-01,當代社會問題探討,3
2021-02-01,中國美學,7
2021-02-01,膳食與生活,22
2021-02-01,光電科技簡介,22
2021-02-01,媒體與社會,13
2021-02-01,中國醫療文化史,37
2021-02-01,人際關係,9
2021-02-01,博雅講座,28
2021-02-01,台灣歌謠史,4
2021-02-01,口述歷史,8
2021-02-01,政治與生活,7
2021-02-01,兒童文學,3
2021-02-01,科技法律與倫理,1
2021-02-01,中國古典短篇小說,4
2021-02-01,茶與文學,1
2021-02-01,植物與糧食,12
2021-02-01,生態哲學概論,1
2021-02-01,經濟變遷與發展,12
2021-02-01,西洋藝術欣賞,3
2021-02-01,玉文化概述,0
2021-02-01,法律與生活,8
2021-02-01,刑法概要,0
2021-02-01,認識中國大陸,59
2021-02-01,影像與世界史,5
2021-02-01,佛學與人生,4
2021-02-01,環保概論,0
2021-02-01,綠色科技與生活,9
2021-02-01,藝術欣賞,18
2021-02-01,台灣社會與文化,1
2021-02-01,兩岸憲政體制概論,0
2021-02-01,戰後台灣史,4
2021-02-01,全球暖化,1
2021-02-01,勞動法,9
2021-02-01,生活環境與輻射,0
2021-02-01,勞工問題與勞資爭議,1
2021-02-01,二十世紀中國現代文學與文化建構,0
2021-02-01,社會哲學,8
2021-02-01,溝通管理,4
2021-02-01,著作權法,3
2021-02-01,環境與自然保育,3
2021-02-01,台灣歷史名著選讀,1
2021-02-01,宗教與人生,17
2021-02-01,台灣的歷史與古蹟,6
2021-02-01,網路法律問題探討,4
2021-02-01,投資學概論,16
2021-02-01,莊子的智慧,0
2021-02-01,先秦夢文學賞析,2
2021-02-01,中國哲學史,0
2021-02-01,邏輯推理與應用,100
2021-02-01,生態與環保,14
2021-02-01,全球化之衝突與共生,4
2021-02-01,台灣文學史,2
2021-02-01,台灣近代史事與人物,11
2021-02-01,歷史與人生,10
2021-02-01,志怪小說,1
2021-02-01,世界飲食史,1
2021-02-01,科學哲學,0
2021-02-01,兩岸關係與國際政治,31
2021-02-01,創業管理概論,12
2021-02-01,正向心理學,0
2021-02-01,創新與創業,45
2021-02-01,創新思考,38
2021-02-01,創業概論,32
2021-02-01,中國近代史,5
2021-02-01,創業計畫書撰寫,37
2021-02-01,宇宙探祕,5
2021-02-01,創業與財務概論,50
2021-02-01,新創事業與專利,7
2021-02-01,台灣科技發展史,9
2021-02-01,篆刻藝術欣賞與習作,9
2021-02-01,戰爭影像與戰爭史,4
2021-02-01,大中華經濟圈,13
2021-02-01,歷史與文物,2
2021-02-01,法國文化資產與紙設計創新研發,0
2021-02-01,博物館創新導覽研究與研發,19
2021-02-01,行政法,1
2021-02-01,生涯發展與選擇,10
2021-02-01,物聯網應用,1
2021-02-01,創業之品牌管理與行銷,11
2021-02-01,媒體、企業與政治,23
2021-02-01,攝影與社會,6
2021-02-01,從星座看恆星的演化,0
2021-02-01,法國文化與紙藝應用,6
2021-02-01,紙質與纖維創意,3
2021-02-01,營養、運動與健康,7
2021-02-01,創業之消費者行為,4
2021-02-01,服務創新,1
2021-02-01,管弦樂漫談,7
2021-02-01,科技創新,1
2021-02-01,台灣歷史與文化,62
2021-02-01,歷史名著選讀,85
2021-02-01,生活美學,23
2021-02-01,音樂概論,28
2021-02-01,社會心理學導論,98
2021-02-01,統計與生活,0
2021-02-01,勞動影像與當代台灣社會,11
2021-02-01,化學與生活,4
2021-02-01,中國古代的庶民生活,12
2021-02-01,電影與音樂,2
2021-02-01,健康促進與危急救護,4
2021-02-01,戲劇欣賞,6
2021-02-01,三國演義與中國文化,3
2021-02-01,台灣發展史,23
2021-02-01,區塊鏈技術與應用,2
2021-02-01,解讀電影,2
2021-02-01,理財與生活,3
2021-02-01,生物哲學,12
2021-02-01,職場倫理,6
2021-02-01,人工智慧概論,9
2021-02-01,Python程式設計概論與應用,21
2021-02-01,APP 設計入門與應用,23
2021-02-01,現代歷史人物評析,9
2021-02-01,創業與國際貿易,10
2021-02-01,愛情與文學,2
2021-02-01,領導概論,5
2021-02-01,人與自然,0
2021-02-01,哲學概論,0
2021-02-01,文學與人生,0
2021-02-01,臺灣音樂與文化,0
2021-02-01,生物多樣性,0
2021-02-01,精神健康促進,0
2021-02-01,精神醫學與現代生活,0
2021-02-01,世界地理,0
2021-02-01,淺談地震,0
2021-02-01,流行病學與健康生活,0
2021-02-01,家庭與醫學,0
2021-02-01,時代與歷史,0
2021-02-01,世界音樂與多元文化,0
2021-02-01,居家環境與風水文化,0
2021-02-01,電影理論與賞析,0
2021-02-01,海山地區的人文與藝術,0
2021-02-01,西洋建築之美賞析,0
2021-02-01,絲綢之路與西域藝術文物,0
2021-02-01,西方音樂的軌跡,0
2021-02-01,都市地理與地方創生,0
2021-02-01,近代中國城市的休閒生活與文化,0
2021-02-01,中國近代社會生活史,0
2021-02-01,臺灣地景與文化導覽,0
2021-02-01,現代藝術與美學,0
2021-02-01,日本傳統社會的發展,0
2021-02-01,文化、景觀與地理,0
2021-02-01,政治與現代社會,0
2021-02-01,公共議題之經濟分析,0
2021-02-01,公共空間與集體記憶,1
2021-02-01,多元文化與社會正義,0
2021-02-01,就業安全政策,0
2021-02-01,消費者保護法與現代社會,0
2021-02-01,中華民國憲法,0
2021-02-01,科技與法律,0
2021-02-01,職場災害與防治,0
2021-02-01,金融科技創新與應用,0
2021-02-01,Excel之統計資料分析,0
2021-02-01,歐洲聯盟：跨國法律與政策,0
2021-02-01,音樂及音樂作品欣賞,0
2021-02-01,音樂藝術與人文,0
2021-02-01,合唱,0
2021-02-01,城市的歷史記憶,0
2021-02-01,貨幣與文明,0
2021-02-01,創意學,0
2021-02-01,發現臺北,0
2021-02-01,新生專題-歷史的設計思考,0
2021-02-01,設計導論,1
2021-02-01,資訊行為導論,0
2021-02-01,解讀健康科學資訊,0
2021-02-01,媒體識讀,0
2021-02-01,《金瓶梅》與情愛關係探討,0
2021-02-01,社區發展與生活法律,0
2021-02-01,電影中的政治經濟學,0
2021-02-01,《資本論》導讀,0
2021-02-01,性別文化與中國電影,0
2021-02-01,韓國的性別意識與文化變遷,0
2021-02-01,中國文化史,0
2021-02-01,中國社會史,0
2021-02-01,海洋環境體驗與影視創作,0
2021-02-01,日本文化,0
2021-02-01,台灣文化史,0
2021-02-01,電影詮釋與文化研究,0
2021-02-01,臺灣近代歷史人物與事件,0
2021-02-01,氣象與氣候變遷,0
2021-02-01,海洋科技導覽解說與實習,0
2021-02-01,海洋能源環境科學概論,0
2021-02-01,海洋資源的開發與保育,0
2021-02-01,專案管理實務,0
2021-02-01,問題分析與解決方法,0
2021-02-01,從現代世界體系到全球化,0
2021-02-01,民主政治與人權,0
2021-02-01,海洋社會科學概論,0
2021-02-01,戰爭、武器、流亡詩人與全球公民,0
2021-02-01,物聯網實務應用,0
2021-02-01,創業育成實務,0
2021-02-01,地方創生與智慧科技,0
2021-02-01,論語,0
2021-02-01,台灣物質史,2
2021-02-01,親密關係,3
2021-02-01,工業經濟,2
2021-02-01,都市化與自然生態,1
2021-02-01,音樂演奏實踐,2
2021-02-01,攝影創作與社會實踐,1
2021-02-01,大腦裡的偵探：知覺、感覺與錯覺,0
2021-02-01,基礎程式設計,0
2021-02-01,發呆與睡眠,3
2021-02-01,人工智慧導論,1
2021-02-01,人工智慧及深度學習,0
2021-02-01,大數據分析概論,0
2021-02-01,漢字文化與智慧生活,0
2021-02-01,全球化、朝聖與旅遊,0
2021-02-01,中日關係史,0
2021-02-01,臺灣海洋文化與觀光產業,0
2021-02-01,海洋事務概論,0
2021-02-01,海洋能源系統導論,0
2021-02-01,新能源與環境治理,0
2021-02-01,智慧財產權法概論,0
2021-02-01,性別與社會,0
2021-02-01,傳播技能 - 媒體聲音表達專題,0
2021-02-01,民主憲政與基本人權,0
2021-02-01,廣告與台灣社會變遷,0
2021-02-01,傳播倫理與媒體素養,0
2021-02-01,傳播技能 - 海洋新聞採訪寫作,0
2021-02-01,智慧財產權實務,0
2021-02-01,創業與管理,0
2021-02-01,創業管理之實務應用,0
2021-02-01,全球化與多元文化,0
2021-02-01,日本傳統社會的形成,0
2021-02-01,臺法工藝文化探索,0
2021-02-01,音樂劇欣賞,0
2021-02-01,旅行、文學與地理,0
2021-02-01,文化、觀光與地理,0
2021-02-01,世界文化與永續發展,0
2021-02-01,氣象與人生,0
2021-02-01,運算思維與程式設計,0
2021-02-01,Excel 之統計資料分析,0
2021-02-01,網頁程式設計入門,0
2021-02-01,管理與美好人生,0
2021-02-01,族群與多元文化,0
2021-02-01,國際政治經濟學：理論與實踐,0
2021-02-01,傳播與文化,0
2021-02-01,勞工福利與移工問題,0
2021-02-01,新媒體之媒體識讀,0
2021-02-01,國際政治與國際關係,0
2021-02-01,政府與企業,0
2021-09-01,文學概論,128
2021-09-01,藝術概論,102
2021-09-01,文化概論,269
2021-09-01,生命科學概論,34
2021-09-01,邏輯推理,2
2021-09-01,現代科技概論,20
2021-09-01,社會學概論,156
2021-09-01,現代管理學,35
2021-09-01,經濟學概論,97
2021-09-01,世界文明,119
2021-09-01,台灣史,105
2021-09-01,中國史,209
2021-09-01,憲法與人權,17
2021-09-01,法學概論,166
2021-09-01,智慧財產權,45
2021-09-01,哲學入門,124
2021-09-01,倫理學概論,49
2021-09-01,生命教育,44
2021-09-01,創意潛能激發,23
2021-09-01,科技史,5
2021-09-01,人生哲學,24
2021-09-01,國際關係,251
2021-09-01,兩性關係,54
2021-09-01,數學漫談,1
2021-09-01,音樂欣賞,116
2021-09-01,台灣民俗與信仰,11
2021-09-01,哲學心理學,9
2021-09-01,心理成長團體,7
2021-09-01,藥學與生活,4
2021-09-01,書法賞析,20
2021-09-01,古蹟欣賞入門,3
2021-09-01,水彩,4
2021-09-01,台灣近代工業教育史,0
2021-09-01,看電影學法律,0
2021-09-01,民法概要,12
2021-09-01,西洋諺語與人際關係,12
2021-09-01,婚姻與家庭,58
2021-09-01,時間學,9
2021-09-01,地學通論,13
2021-09-01,健康與人生,1
2021-09-01,歌劇欣賞,12
2021-09-01,素描,9
2021-09-01,勞動法概要,2
2021-09-01,心理與人生,4
2021-09-01,醫學與生活,159
2021-09-01,資訊與生活,12
2021-09-01,氣象與生活,1
2021-09-01,資訊法律,16
2021-09-01,博雅選修課程-自然,4
2021-09-01,博雅選修課程-文化,7
2021-09-01,博雅選修課程-社會,1
2021-09-01,博雅選修課程-法治,0
2021-09-01,博雅選修課程-歷史,2
2021-09-01,博雅選修課程-哲學,1
2021-09-01,法國文化與歐盟,12
2021-09-01,當代社會問題探討,3
2021-09-01,中國美學,7
2021-09-01,膳食與生活,24
2021-09-01,光電科技簡介,22
2021-09-01,媒體與社會,17
2021-09-01,中國醫療文化史,37
2021-09-01,人際關係,9
2021-09-01,博雅講座,28
2021-09-01,台灣歌謠史,4
2021-09-01,口述歷史,8
2021-09-01,政治與生活,7
2021-09-01,兒童文學,3
2021-09-01,科技法律與倫理,1
2021-09-01,中國古典短篇小說,4
2021-09-01,茶與文學,1
2021-09-01,植物與糧食,12
2021-09-01,生態哲學概論,1
2021-09-01,經濟變遷與發展,12
2021-09-01,西洋藝術欣賞,3
2021-09-01,玉文化概述,0
2021-09-01,法律與生活,11
2021-09-01,刑法概要,0
2021-09-01,認識中國大陸,63
2021-09-01,影像與世界史,5
2021-09-01,佛學與人生,4
2021-09-01,環保概論,0
2021-09-01,綠色科技與生活,9
2021-09-01,藝術欣賞,18
2021-09-01,台灣社會與文化,1
2021-09-01,兩岸憲政體制概論,0
2021-09-01,戰後台灣史,4
2021-09-01,全球暖化,1
2021-09-01,勞動法,11
2021-09-01,生活環境與輻射,0
2021-09-01,勞工問題與勞資爭議,1
2021-09-01,二十世紀中國現代文學與文化建構,0
2021-09-01,社會哲學,9
2021-09-01,溝通管理,4
2021-09-01,著作權法,3
2021-09-01,環境與自然保育,4
2021-09-01,台灣歷史名著選讀,1
2021-09-01,宗教與人生,17
2021-09-01,台灣的歷史與古蹟,6
2021-09-01,網路法律問題探討,4
2021-09-01,投資學概論,16
2021-09-01,莊子的智慧,0
2021-09-01,先秦夢文學賞析,2
2021-09-01,中國哲學史,0
2021-09-01,邏輯推理與應用,106
2021-09-01,生態與環保,15
2021-09-01,全球化之衝突與共生,4
2021-09-01,台灣文學史,4
2021-09-01,台灣近代史事與人物,11
2021-09-01,歷史與人生,10
2021-09-01,志怪小說,1
2021-09-01,世界飲食史,1
2021-09-01,科學哲學,0
2021-09-01,兩岸關係與國際政治,34
2021-09-01,創業管理概論,14
2021-09-01,正向心理學,0
2021-09-01,創新與創業,49
2021-09-01,創新思考,38
2021-09-01,創業概論,32
2021-09-01,中國近代史,5
2021-09-01,創業計畫書撰寫,38
2021-09-01,宇宙探祕,5
2021-09-01,創業與財務概論,51
2021-09-01,新創事業與專利,7
2021-09-01,台灣科技發展史,11
2021-09-01,篆刻藝術欣賞與習作,9
2021-09-01,戰爭影像與戰爭史,4
2021-09-01,大中華經濟圈,13
2021-09-01,歷史與文物,2
2021-09-01,法國文化資產與紙設計創新研發,0
2021-09-01,博物館創新導覽研究與研發,19
2021-09-01,行政法,1
2021-09-01,生涯發展與選擇,10
2021-09-01,物聯網應用,1
2021-09-01,創業之品牌管理與行銷,16
2021-09-01,媒體、企業與政治,23
2021-09-01,攝影與社會,6
2021-09-01,從星座看恆星的演化,0
2021-09-01,法國文化與紙藝應用,6
2021-09-01,紙質與纖維創意,3
2021-09-01,營養、運動與健康,9
2021-09-01,創業之消費者行為,8
2021-09-01,服務創新,1
2021-09-01,管弦樂漫談,7
2021-09-01,科技創新,1
2021-09-01,台灣歷史與文化,71
2021-09-01,歷史名著選讀,99
2021-09-01,生活美學,24
2021-09-01,音樂概論,28
2021-09-01,社會心理學導論,115
2021-09-01,統計與生活,0
2021-09-01,勞動影像與當代台灣社會,11
2021-09-01,化學與生活,4
2021-09-01,中國古代的庶民生活,12
2021-09-01,電影與音樂,2
2021-09-01,健康促進與危急救護,5
2021-09-01,戲劇欣賞,6
2021-09-01,三國演義與中國文化,3
2021-09-01,台灣發展史,23
2021-09-01,區塊鏈技術與應用,2
2021-09-01,解讀電影,2
2021-09-01,理財與生活,3
2021-09-01,生物哲學,12
2021-09-01,職場倫理,7
2021-09-01,人工智慧概論,11
2021-09-01,Python程式設計概論與應用,21
2021-09-01,APP 設計入門與應用,33
2021-09-01,現代歷史人物評析,9
2021-09-01,創業與國際貿易,14
2021-09-01,愛情與文學,2
2021-09-01,領導概論,6
2021-09-01,人與自然,0
2021-09-01,哲學概論,0
2021-09-01,文學與人生,0
2021-09-01,臺灣音樂與文化,0
2021-09-01,生物多樣性,0
2021-09-01,精神健康促進,0
2021-09-01,精神醫學與現代生活,0
2021-09-01,世界地理,0
2021-09-01,淺談地震,0
2021-09-01,流行病學與健康生活,0
2021-09-01,家庭與醫學,0
2021-09-01,時代與歷史,0
2021-09-01,世界音樂與多元文化,0
2021-09-01,居家環境與風水文化,0
2021-09-01,電影理論與賞析,0
2021-09-01,海山地區的人文與藝術,0
2021-09-01,西洋建築之美賞析,0
2021-09-01,絲綢之路與西域藝術文物,0
2021-09-01,西方音樂的軌跡,0
2021-09-01,都市地理與地方創生,0
2021-09-01,近代中國城市的休閒生活與文化,0
2021-09-01,中國近代社會生活史,0
2021-09-01,臺灣地景與文化導覽,0
2021-09-01,現代藝術與美學,0
2021-09-01,日本傳統社會的發展,0
2021-09-01,文化、景觀與地理,0
2021-09-01,政治與現代社會,0
2021-09-01,公共議題之經濟分析,0
2021-09-01,公共空間與集體記憶,1
2021-09-01,多元文化與社會正義,0
2021-09-01,就業安全政策,0
2021-09-01,消費者保護法與現代社會,0
2021-09-01,中華民國憲法,0
2021-09-01,科技與法律,0
2021-09-01,職場災害與防治,0
2021-09-01,金融科技創新與應用,0
2021-09-01,Excel之統計資料分析,0
2021-09-01,歐洲聯盟：跨國法律與政策,0
2021-09-01,音樂及音樂作品欣賞,0
2021-09-01,音樂藝術與人文,0
2021-09-01,合唱,0
2021-09-01,城市的歷史記憶,0
2021-09-01,貨幣與文明,0
2021-09-01,創意學,0
2021-09-01,發現臺北,0
2021-09-01,新生專題-歷史的設計思考,0
2021-09-01,設計導論,1
2021-09-01,資訊行為導論,0
2021-09-01,解讀健康科學資訊,0
2021-09-01,媒體識讀,0
2021-09-01,《金瓶梅》與情愛關係探討,0
2021-09-01,社區發展與生活法律,0
2021-09-01,電影中的政治經濟學,0
2021-09-01,《資本論》導讀,0
2021-09-01,性別文化與中國電影,0
2021-09-01,韓國的性別意識與文化變遷,0
2021-09-01,中國文化史,0
2021-09-01,中國社會史,0
2021-09-01,海洋環境體驗與影視創作,0
2021-09-01,日本文化,0
2021-09-01,台灣文化史,0
2021-09-01,電影詮釋與文化研究,0
2021-09-01,臺灣近代歷史人物與事件,0
2021-09-01,氣象與氣候變遷,0
2021-09-01,海洋科技導覽解說與實習,0
2021-09-01,海洋能源環境科學概論,0
2021-09-01,海洋資源的開發與保育,0
2021-09-01,專案管理實務,0
2021-09-01,問題分析與解決方法,0
2021-09-01,從現代世界體系到全球化,0
2021-09-01,民主政治與人權,0
2021-09-01,海洋社會科學概論,0
2021-09-01,戰爭、武器、流亡詩人與全球公民,0
2021-09-01,物聯網實務應用,0
2021-09-01,創業育成實務,0
2021-09-01,地方創生與智慧科技,0
2021-09-01,論語,0
2021-09-01,台灣物質史,4
2021-09-01,親密關係,8
2021-09-01,工業經濟,2
2021-09-01,都市化與自然生態,5
2021-09-01,音樂演奏實踐,3
2021-09-01,攝影創作與社會實踐,1
2021-09-01,大腦裡的偵探：知覺、感覺與錯覺,0
2021-09-01,基礎程式設計,0
2021-09-01,發呆與睡眠,3
2021-09-01,人工智慧導論,1
2021-09-01,人工智慧及深度學習,0
2021-09-01,大數據分析概論,0
2021-09-01,漢字文化與智慧生活,0
2021-09-01,全球化、朝聖與旅遊,0
2021-09-01,中日關係史,0
2021-09-01,臺灣海洋文化與觀光產業,0
2021-09-01,海洋事務概論,0
2021-09-01,海洋能源系統導論,0
2021-09-01,新能源與環境治理,0
2021-09-01,智慧財產權法概論,0
2021-09-01,性別與社會,0
2021-09-01,傳播技能 - 媒體聲音表達專題,0
2021-09-01,民主憲政與基本人權,0
2021-09-01,廣告與台灣社會變遷,0
2021-09-01,傳播倫理與媒體素養,0
2021-09-01,傳播技能 - 海洋新聞採訪寫作,0
2021-09-01,智慧財產權實務,0
2021-09-01,創業與管理,0
2021-09-01,創業管理之實務應用,0
2021-09-01,全球化與多元文化,0
2021-09-01,日本傳統社會的形成,0
2021-09-01,臺法工藝文化探索,0
2021-09-01,音樂劇欣賞,0
2021-09-01,旅行、文學與地理,0
2021-09-01,文化、觀光與地理,0
2021-09-01,世界文化與永續發展,0
2021-09-01,氣象與人生,0
2021-09-01,運算思維與程式設計,0
2021-09-01,Excel 之統計資料分析,0
2021-09-01,網頁程式設計入門,0
2021-09-01,管理與美好人生,0
2021-09-01,族群與多元文化,0
2021-09-01,國際政治經濟學：理論與實踐,0
2021-09-01,傳播與文化,0
2021-09-01,勞工福利與移工問題,0
2021-09-01,新媒體之媒體識讀,0
2021-09-01,國際政治與國際關係,0
2021-09-01,政府與企業,0
2021-09-01,病毒學概論,0
2021-09-01,社會責任與社會創新,12
2021-09-01,Python 程式設計概論與應用,5
2021-09-01,臺灣近現代戰爭史,0
2021-09-01,批判性思考,1
2021-09-01,意識科學與哲學,0
2021-09-01,醫療法律,0
2021-09-01,看不見的手？新世紀的貨幣難題,0
2021-09-01,醫療照護中的心理與行為,0
2021-09-01,病理學,0
2021-09-01,本草學,3
2021-09-01,以人為中心治療關係,0
2021-09-01,近世中國的社會與文化,0
2021-09-01,Python 資料科學與人工智慧,0
2021-09-01,生物科技產業,0
2021-09-01,中國古今文字賞析,0
2021-09-01,近代臺灣的歷史與文化,0
2021-09-01,地理學通論,0
2021-09-01,創新創業大講堂,0
2021-09-01,觀光概論,0
2021-09-01,民主政治與大眾媒體,0
2021-09-01,職場與法律,0
2021-09-01,生涯規劃,0
2021-09-01,當代民主思潮,0
2021-09-01,心理學,0
2021-09-01,實用中文寫作,0
2021-09-01,韓國電影中的近當代日韓互動,0
2021-09-01,日本電影中的反戰與人性,0
2021-09-01,世界遺產導論,0
2021-09-01,電影中的南北韓與脫北問題,0
2021-09-01,《論語》人文思想的現代解讀,0
2021-09-01,魚文化與文學,0
2021-09-01,探索台灣美食,0
2021-09-01,永續發展保護環境與健康,0
2021-09-01,海洋永續在地參與,0
2021-09-01,當代傳播問題,0
2021-09-01,地球的歷史,0
2022-02-01,文學概論,128
2022-02-01,藝術概論,102
2022-02-01,文化概論,269
2022-02-01,生命科學概論,34
2022-02-01,邏輯推理,2
2022-02-01,現代科技概論,20
2022-02-01,社會學概論,156
2022-02-01,現代管理學,35
2022-02-01,經濟學概論,97
2022-02-01,世界文明,119
2022-02-01,台灣史,105
2022-02-01,中國史,209
2022-02-01,憲法與人權,17
2022-02-01,法學概論,166
2022-02-01,智慧財產權,45
2022-02-01,哲學入門,124
2022-02-01,倫理學概論,49
2022-02-01,生命教育,44
2022-02-01,創意潛能激發,23
2022-02-01,科技史,5
2022-02-01,人生哲學,24
2022-02-01,國際關係,251
2022-02-01,兩性關係,54
2022-02-01,數學漫談,1
2022-02-01,音樂欣賞,116
2022-02-01,台灣民俗與信仰,11
2022-02-01,哲學心理學,9
2022-02-01,心理成長團體,7
2022-02-01,藥學與生活,4
2022-02-01,書法賞析,20
2022-02-01,古蹟欣賞入門,3
2022-02-01,水彩,4
2022-02-01,台灣近代工業教育史,0
2022-02-01,看電影學法律,0
2022-02-01,民法概要,12
2022-02-01,西洋諺語與人際關係,12
2022-02-01,婚姻與家庭,58
2022-02-01,時間學,9
2022-02-01,地學通論,13
2022-02-01,健康與人生,1
2022-02-01,歌劇欣賞,12
2022-02-01,素描,9
2022-02-01,勞動法概要,2
2022-02-01,心理與人生,4
2022-02-01,醫學與生活,159
2022-02-01,資訊與生活,12
2022-02-01,氣象與生活,1
2022-02-01,資訊法律,16
2022-02-01,博雅選修課程-自然,4
2022-02-01,博雅選修課程-文化,7
2022-02-01,博雅選修課程-社會,1
2022-02-01,博雅選修課程-法治,0
2022-02-01,博雅選修課程-歷史,2
2022-02-01,博雅選修課程-哲學,1
2022-02-01,法國文化與歐盟,12
2022-02-01,當代社會問題探討,3
2022-02-01,中國美學,7
2022-02-01,膳食與生活,24
2022-02-01,光電科技簡介,22
2022-02-01,媒體與社會,17
2022-02-01,中國醫療文化史,37
2022-02-01,人際關係,9
2022-02-01,博雅講座,28
2022-02-01,台灣歌謠史,4
2022-02-01,口述歷史,8
2022-02-01,政治與生活,7
2022-02-01,兒童文學,3
2022-02-01,科技法律與倫理,1
2022-02-01,中國古典短篇小說,4
2022-02-01,茶與文學,1
2022-02-01,植物與糧食,12
2022-02-01,生態哲學概論,1
2022-02-01,經濟變遷與發展,12
2022-02-01,西洋藝術欣賞,3
2022-02-01,玉文化概述,0
2022-02-01,法律與生活,11
2022-02-01,刑法概要,0
2022-02-01,認識中國大陸,63
2022-02-01,影像與世界史,5
2022-02-01,佛學與人生,4
2022-02-01,環保概論,0
2022-02-01,綠色科技與生活,9
2022-02-01,藝術欣賞,18
2022-02-01,台灣社會與文化,1
2022-02-01,兩岸憲政體制概論,0
2022-02-01,戰後台灣史,4
2022-02-01,全球暖化,1
2022-02-01,勞動法,11
2022-02-01,生活環境與輻射,0
2022-02-01,勞工問題與勞資爭議,1
2022-02-01,二十世紀中國現代文學與文化建構,0
2022-02-01,社會哲學,9
2022-02-01,溝通管理,4
2022-02-01,著作權法,3
2022-02-01,環境與自然保育,4
2022-02-01,台灣歷史名著選讀,1
2022-02-01,宗教與人生,17
2022-02-01,台灣的歷史與古蹟,6
2022-02-01,網路法律問題探討,4
2022-02-01,投資學概論,16
2022-02-01,莊子的智慧,0
2022-02-01,先秦夢文學賞析,2
2022-02-01,中國哲學史,0
2022-02-01,邏輯推理與應用,106
2022-02-01,生態與環保,15
2022-02-01,全球化之衝突與共生,4
2022-02-01,台灣文學史,4
2022-02-01,台灣近代史事與人物,11
2022-02-01,歷史與人生,10
2022-02-01,志怪小說,1
2022-02-01,世界飲食史,1
2022-02-01,科學哲學,0
2022-02-01,兩岸關係與國際政治,34
2022-02-01,創業管理概論,14
2022-02-01,正向心理學,0
2022-02-01,創新與創業,49
2022-02-01,創新思考,38
2022-02-01,創業概論,32
2022-02-01,中國近代史,5
2022-02-01,創業計畫書撰寫,38
2022-02-01,宇宙探祕,5
2022-02-01,創業與財務概論,51
2022-02-01,新創事業與專利,7
2022-02-01,台灣科技發展史,11
2022-02-01,篆刻藝術欣賞與習作,9
2022-02-01,戰爭影像與戰爭史,4
2022-02-01,大中華經濟圈,13
2022-02-01,歷史與文物,2
2022-02-01,法國文化資產與紙設計創新研發,0
2022-02-01,博物館創新導覽研究與研發,19
2022-02-01,行政法,1
2022-02-01,生涯發展與選擇,10
2022-02-01,物聯網應用,1
2022-02-01,創業之品牌管理與行銷,16
2022-02-01,媒體、企業與政治,23
2022-02-01,攝影與社會,6
2022-02-01,從星座看恆星的演化,0
2022-02-01,法國文化與紙藝應用,6
2022-02-01,紙質與纖維創意,3
2022-02-01,營養、運動與健康,9
2022-02-01,創業之消費者行為,8
2022-02-01,服務創新,1
2022-02-01,管弦樂漫談,7
2022-02-01,科技創新,1
2022-02-01,台灣歷史與文化,71
2022-02-01,歷史名著選讀,99
2022-02-01,生活美學,24
2022-02-01,音樂概論,28
2022-02-01,社會心理學導論,115
2022-02-01,統計與生活,0
2022-02-01,勞動影像與當代台灣社會,11
2022-02-01,化學與生活,4
2022-02-01,中國古代的庶民生活,12
2022-02-01,電影與音樂,2
2022-02-01,健康促進與危急救護,5
2022-02-01,戲劇欣賞,6
2022-02-01,三國演義與中國文化,3
2022-02-01,台灣發展史,23
2022-02-01,區塊鏈技術與應用,2
2022-02-01,解讀電影,2
2022-02-01,理財與生活,3
2022-02-01,生物哲學,12
2022-02-01,職場倫理,7
2022-02-01,人工智慧概論,11
2022-02-01,Python程式設計概論與應用,21
2022-02-01,APP 設計入門與應用,33
2022-02-01,現代歷史人物評析,9
2022-02-01,創業與國際貿易,14
2022-02-01,愛情與文學,2
2022-02-01,領導概論,6
2022-02-01,人與自然,0
2022-02-01,哲學概論,0
2022-02-01,文學與人生,0
2022-02-01,臺灣音樂與文化,0
2022-02-01,生物多樣性,0
2022-02-01,精神健康促進,0
2022-02-01,精神醫學與現代生活,0
2022-02-01,世界地理,0
2022-02-01,淺談地震,0
2022-02-01,流行病學與健康生活,0
2022-02-01,家庭與醫學,0
2022-02-01,時代與歷史,0
2022-02-01,世界音樂與多元文化,0
2022-02-01,居家環境與風水文化,0
2022-02-01,電影理論與賞析,0
2022-02-01,海山地區的人文與藝術,0
2022-02-01,西洋建築之美賞析,0
2022-02-01,絲綢之路與西域藝術文物,0
2022-02-01,西方音樂的軌跡,0
2022-02-01,都市地理與地方創生,0
2022-02-01,近代中國城市的休閒生活與文化,0
2022-02-01,中國近代社會生活史,0
2022-02-01,臺灣地景與文化導覽,0
2022-02-01,現代藝術與美學,0
2022-02-01,日本傳統社會的發展,0
2022-02-01,文化、景觀與地理,0
2022-02-01,政治與現代社會,0
2022-02-01,公共議題之經濟分析,0
2022-02-01,公共空間與集體記憶,1
2022-02-01,多元文化與社會正義,0
2022-02-01,就業安全政策,0
2022-02-01,消費者保護法與現代社會,0
2022-02-01,中華民國憲法,0
2022-02-01,科技與法律,0
2022-02-01,職場災害與防治,0
2022-02-01,金融科技創新與應用,0
2022-02-01,Excel之統計資料分析,0
2022-02-01,歐洲聯盟：跨國法律與政策,0
2022-02-01,音樂及音樂作品欣賞,0
2022-02-01,音樂藝術與人文,0
2022-02-01,合唱,0
2022-02-01,城市的歷史記憶,0
2022-02-01,貨幣與文明,0
2022-02-01,創意學,0
2022-02-01,發現臺北,0
2022-02-01,新生專題-歷史的設計思考,0
2022-02-01,設計導論,1
2022-02-01,資訊行為導論,0
2022-02-01,解讀健康科學資訊,0
2022-02-01,媒體識讀,0
2022-02-01,《金瓶梅》與情愛關係探討,0
2022-02-01,社區發展與生活法律,0
2022-02-01,電影中的政治經濟學,0
2022-02-01,《資本論》導讀,0
2022-02-01,性別文化與中國電影,0
2022-02-01,韓國的性別意識與文化變遷,0
2022-02-01,中國文化史,0
2022-02-01,中國社會史,0
2022-02-01,海洋環境體驗與影視創作,0
2022-02-01,日本文化,0
2022-02-01,台灣文化史,0
2022-02-01,電影詮釋與文化研究,0
2022-02-01,臺灣近代歷史人物與事件,0
2022-02-01,氣象與氣候變遷,0
2022-02-01,海洋科技導覽解說與實習,0
2022-02-01,海洋能源環境科學概論,0
2022-02-01,海洋資源的開發與保育,0
2022-02-01,專案管理實務,0
2022-02-01,問題分析與解決方法,0
2022-02-01,從現代世界體系到全球化,0
2022-02-01,民主政治與人權,0
2022-02-01,海洋社會科學概論,0
2022-02-01,戰爭、武器、流亡詩人與全球公民,0
2022-02-01,物聯網實務應用,0
2022-02-01,創業育成實務,0
2022-02-01,地方創生與智慧科技,0
2022-02-01,論語,0
2022-02-01,台灣物質史,4
2022-02-01,親密關係,8
2022-02-01,工業經濟,2
2022-02-01,都市化與自然生態,5
2022-02-01,音樂演奏實踐,3
2022-02-01,攝影創作與社會實踐,1
2022-02-01,大腦裡的偵探：知覺、感覺與錯覺,0
2022-02-01,基礎程式設計,0
2022-02-01,發呆與睡眠,3
2022-02-01,人工智慧導論,1
2022-02-01,人工智慧及深度學習,0
2022-02-01,大數據分析概論,0
2022-02-01,漢字文化與智慧生活,0
2022-02-01,全球化、朝聖與旅遊,0
2022-02-01,中日關係史,0
2022-02-01,臺灣海洋文化與觀光產業,0
2022-02-01,海洋事務概論,0
2022-02-01,海洋能源系統導論,0
2022-02-01,新能源與環境治理,0
2022-02-01,智慧財產權法概論,0
2022-02-01,性別與社會,0
2022-02-01,傳播技能 - 媒體聲音表達專題,0
2022-02-01,民主憲政與基本人權,0
2022-02-01,廣告與台灣社會變遷,0
2022-02-01,傳播倫理與媒體素養,0
2022-02-01,傳播技能 - 海洋新聞採訪寫作,0
2022-02-01,智慧財產權實務,0
2022-02-01,創業與管理,0
2022-02-01,創業管理之實務應用,0
2022-02-01,全球化與多元文化,0
2022-02-01,日本傳統社會的形成,0
2022-02-01,臺法工藝文化探索,0
2022-02-01,音樂劇欣賞,0
2022-02-01,旅行、文學與地理,0
2022-02-01,文化、觀光與地理,0
2022-02-01,世界文化與永續發展,0
2022-02-01,氣象與人生,0
2022-02-01,運算思維與程式設計,0
2022-02-01,Excel 之統計資料分析,0
2022-02-01,網頁程式設計入門,0
2022-02-01,管理與美好人生,0
2022-02-01,族群與多元文化,0
2022-02-01,國際政治經濟學：理論與實踐,0
2022-02-01,傳播與文化,0
2022-02-01,勞工福利與移工問題,0
2022-02-01,新媒體之媒體識讀,0
2022-02-01,國際政治與國際關係,0
2022-02-01,政府與企業,0
2022-02-01,病毒學概論,0
2022-02-01,社會責任與社會創新,12
2022-02-01,Python 程式設計概論與應用,5
2022-02-01,臺灣近現代戰爭史,0
2022-02-01,批判性思考,1
2022-02-01,意識科學與哲學,0
2022-02-01,醫療法律,0
2022-02-01,看不見的手？新世紀的貨幣難題,0
2022-02-01,醫療照護中的心理與行為,0
2022-02-01,病理學,0
2022-02-01,本草學,3
2022-02-01,以人為中心治療關係,0
2022-02-01,近世中國的社會與文化,0
2022-02-01,Python 資料科學與人工智慧,0
2022-02-01,生物科技產業,0
2022-02-01,中國古今文字賞析,0
2022-02-01,近代臺灣的歷史與文化,0
2022-02-01,地理學通論,0
2022-02-01,創新創業大講堂,0
2022-02-01,觀光概論,0
2022-02-01,民主政治與大眾媒體,0
2022-02-01,職場與法律,0
2022-02-01,生涯規劃,0
2022-02-01,當代民主思潮,0
2022-02-01,心理學,0
2022-02-01,實用中文寫作,0
2022-02-01,韓國電影中的近當代日韓互動,0
2022-02-01,日本電影中的反戰與人性,0
2022-02-01,世界遺產導論,0
2022-02-01,電影中的南北韓與脫北問題,0
2022-02-01,《論語》人文思想的現代解讀,0
2022-02-01,魚文化與文學,0
2022-02-01,探索台灣美食,0
2022-02-01,永續發展保護環境與健康,0
2022-02-01,海洋永續在地參與,0
2022-02-01,當代傳播問題,0
2022-02-01,地球的歷史,0
2022-02-01,人工智慧與量子計算應用介紹,0
2022-02-01,博雅講座 ,0
